Package Name,Class Name,Covered Lines
org/eclipse/collections/impl,AbstractRichIterable.java,96
org/eclipse/collections/impl/list,IntervalUtils.java,26;27;28;32;33;40;44;48;52;56;57
org/eclipse/collections/impl/list,Interval.java,69;70;71;72;73;74;140;148;152;303;304;386;387;389;391;401;406;407;429;769;775;776;777
org/eclipse/collections/impl/jmh/jmh_generated,SelectTest_jmhType_B3.java,2
org/eclipse/collections/impl/jmh/jmh_generated,SelectTest_serial_lazy_streams_ec_jmhTest.java,36;283;284;285;286;287;288;290;291;293;296;297;298;299;300;302;303;305;306;307;308;309;310;316;317;318;319;320;322;323;324;330;331;332;333;334;336
org/eclipse/collections/impl/jmh/jmh_generated,SelectTest_jmhType_B1.java,3
org/eclipse/collections/impl/jmh/jmh_generated,SelectTest_jmhType.java,2
org/eclipse/collections/impl/jmh/jmh_generated,SelectTest_jmhType_B2.java,3;6;7;11;12;16;17
org/eclipse/collections/impl/parallel,CollectionsThreadFactory.java,20;22;25;26;27;28;29;30;31;32
org/eclipse/collections/impl/parallel,ParallelIterate.java,72;74;75;1320;1337;1342;1347;1352
org/eclipse/collections/impl/collection/mutable,AbstractMutableCollection.java,48
org/eclipse/collections/impl/utility,Iterate.java,3242;3246;3248
org/eclipse/collections/impl/list/mutable,AbstractMutableList.java,71;75
org/eclipse/collections/impl/list/mutable,FastList.java,120;121;125;142;143;146;147;148;149;176;187;416
org/eclipse/collections/impl/lazy,AbstractLazyIterable.java,82
org/eclipse/collections/impl/jmh,SelectTest.java,37;41;42;43;55;56;57
org/eclipse/collections/impl/jmh/runner,AbstractJMHTestRunner.java,21
