Package Name,Class Name,Covered Lines
org/eclipse/collections/impl/set/mutable,UnifiedSet.java,69;70;97;98;99;153;205;211;212;219;220;221;222;244;245;246;248;249;253;255;257;264;265;267;270;274;283;287;289;290;294;296;300;305;307;308;312;314;318;319;323;327;328;329;333;339;340;341;342;344;346;347;349;352;354;356;360;361;363;365;366;368;370;371;373;378;379;381;384;1823;1824;1825;1826;2100;2101;2103;2105;2106;2108;2110;2113;2115;2117;2122;2123;2125;2128;2130;2132;2141;2143;2145;2147;2148;2150;2152;2154;2156;2158;2160;2161;2163;2165;2166;2168;2170;2172;2174;2176;2177;2181;2185;2186;2187;2189;2191;2330;2335;2339;2344
org/eclipse/collections/impl,AbstractRichIterable.java,96
org/eclipse/collections/impl/map/mutable/primitive,MutableObjectDoubleMapFactoryImpl.java,27;29;34
org/eclipse/collections/impl/map/mutable/primitive,ObjectDoubleHashMap.java,80;81;101;102;134;135;139;140;141;176;181;182;186;421;423;426;427;430;431;495;496;498;500;501;573;577;578;579;580;582;584;668;685;686;688;690;1199;1200;1201;1205;1206;1210;1211;1212;1213;1214;1215;1217;1219;1221;1224;1229;1231;1232;1237;1239;1242;1243;1249;1250;1251;1253;1260;1262;1264;1266;1277;1278;1279;1280;1285;1287;1292;1294;1296;1301;1302;1303;1307;1312;1317;1322;1327;1329
org/eclipse/collections/impl/jmh/jmh_generated,SumByDoubleTest_jmhType_B2.java,3;6;7;11;12;16;17
org/eclipse/collections/impl/jmh/jmh_generated,SumByDoubleTest_jmhType_B1.java,3
org/eclipse/collections/impl/jmh/jmh_generated,SumByDoubleTest_sumByProduct_serial_eager_ec_jmhTest.java,36;283;284;285;286;287;288;290;291;293;296;297;298;299;300;302;303;305;306;307;308;309;310;316;317;318;319;320;322;323;324;330;331;332;333;334;336
org/eclipse/collections/impl/jmh/jmh_generated,SumByDoubleTest_jmhType_B3.java,2
org/eclipse/collections/impl/jmh/jmh_generated,SumByDoubleTest_jmhType.java,2
org/eclipse/collections/impl/jmh/domain,Product.java,22;23;24;25;26;35;46;50;55;57;68
org/eclipse/collections/impl/jmh/domain,Position.java,22;23;24;25;26;35;50
org/eclipse/collections/impl/jmh/domain,Account.java,18;19;20;30;34;39;41;47
org/eclipse/collections/impl/jmh/domain,Positions.java,26;27;28;29;30;31;38;39;42;43;44;45;49;50;51;56;57;58;59;60;61;66
org/eclipse/collections/impl/collection/mutable,AbstractMutableCollection.java,48
org/eclipse/collections/impl/map/immutable/primitive,ImmutableObjectDoubleMapFactoryImpl.java,27;29
org/eclipse/collections/impl/list/mutable,AbstractMutableList.java,71;75
org/eclipse/collections/impl/list/mutable,FastList.java,120;121;125;132;133;137;138;171;197;198;200;202;375;393;394;395;478;479;480;1067;1069;1082;1086;1087;1242;1474
org/eclipse/collections/impl/set,AbstractUnifiedSet.java,42;50;98;99;101;107;108;112;113
org/eclipse/collections/impl/utility/internal,InternalArrayIterate.java,1036;1037;1038;1040;1041;1042;1043;1044;1045;1046;1048
org/eclipse/collections/impl/jmh,SumByDoubleTest.java,36;38;151
org/eclipse/collections/impl/jmh/runner,AbstractJMHTestRunner.java,21
