Package Name,Class Name,Covered Lines
org/eclipse/collections/impl/set/mutable,UnifiedSet.java,69;70;107;108;112;116;120;121;122;126;127;128;194;195;197;199;205;211;212;219;220;221;222;244;245;246;248;249;253;443;444;445;446;447;449;450;452;458;462;474;475;479;481;482;486;488;491;1051;1056;1057;1058;1060;1062;1063;1065;1067;1072;1077;1087;1269;2330;2335;2339;2351;2355;2359;2368;2369;2370;2371;2376;2377;2422;2423;2424;2425;2430;2442;2448;2449;2483;2490;2496;2497;2498;2499;2500;2510;2516;2518;2519;2520;2525
org/eclipse/collections/impl,AbstractRichIterable.java,96;143;149;150;151;388;463;464;465;561;562;567;568
org/eclipse/collections/impl,Counter.java,26;33;34;35;39;40;54;55;59
org/eclipse/collections/impl/block/function/primitive,IntegerFunctionImpl.java,21
org/eclipse/collections/impl/block/factory,Functions.java,50;51;52;54;55;56;57;58;59;60;61;62;63;64;65;66;67;68;69;457;833;1138;1139;1140;1141;1146;1147
org/eclipse/collections/impl/block/factory,Procedures2.java,35;36;85;157;158
org/eclipse/collections/impl/block/factory,Procedures.java,41;136;246;247;248;249;254;255
org/eclipse/collections/impl/block/factory,Predicates.java,34;38;39;40;41;506;1383
org/eclipse/collections/impl/list,IntervalUtils.java,26;27;28;32;33;40;44;48;52;56;57;88;90;92;93;95
org/eclipse/collections/impl/list,Interval.java,69;70;71;72;73;74;140;148;152;303;304;769;799;802;804;809;811;819;821;822;823;892;893;898;902;906
org/eclipse/collections/impl/lazy/parallel/set,AbstractParallelUnsortedSetIterable.java,28
org/eclipse/collections/impl/lazy/parallel,AbstractParallelIterable.java,72;76;77;79;80;84;94;95;96;247;248;250;251;253;254;258;259;260;270;272;619;621;622;623
org/eclipse/collections/impl/lazy/parallel,AbstractBatch.java,32;37;38;39
org/eclipse/collections/impl/jmh/jmh_generated,CountSetTest_jmhType_B1.java,3
org/eclipse/collections/impl/jmh/jmh_generated,CountSetTest_jmhType.java,2
org/eclipse/collections/impl/jmh/jmh_generated,CountSetTest_parallel_eager_ec_jmhTest.java,36;286;287;288;289;290;291;293;294;296;299;300;301;302;303;305;306;307;309;310;311;312;313;314;320;321;322;323;324;326;327;328;334;335;336;337;339;340;341;342;343;344;346
org/eclipse/collections/impl/jmh/jmh_generated,CountSetTest_jmhType_B2.java,3;6;7;11;12;16;17
org/eclipse/collections/impl/jmh/jmh_generated,CountSetTest_jmhType_B3.java,2
org/eclipse/collections/impl/list/immutable,ImmutableEmptyList.java,47;51;52
org/eclipse/collections/impl/list/immutable,ImmutableListFactoryImpl.java,23;25;30;248;250
org/eclipse/collections/impl/list/immutable,AbstractImmutableList.java,102
org/eclipse/collections/impl/parallel,AbstractProcedureCombiner.java,21;22;23;28
org/eclipse/collections/impl/parallel,CollectionsThreadFactory.java,20;22;25;26;27;28;29;30;31;32;37;38;39;43
org/eclipse/collections/impl/parallel,BatchIterableProcedureFJTaskRunner.java,24;33;34;35;36;38;39;46;50;51;53;55;56;58;67;69;75;79;80;81;86;87;93;95;96;98;99;101;110;111;115;119;121
org/eclipse/collections/impl/parallel,ParallelIterate.java,72;74;75;379;380;413;415;417;447;488;489;504;505;507;509;596;598;605;694;704;705;706;712;1320;1337;1342;1347;1352
org/eclipse/collections/impl/parallel,BatchIterableProcedureFJTask.java,33;34;35;36;37;38;39;46;47;55;57;61
org/eclipse/collections/impl/parallel,CountProcedureFactory.java,21;22;23;28
org/eclipse/collections/impl/parallel,CountCombiner.java,22;26;27;32;33;37
org/eclipse/collections/impl/partition/list,PartitionFastList.java,18;20;21;26;32;38
org/eclipse/collections/impl/partition/list,PartitionImmutableListImpl.java,22;23;24;25;29;30
org/eclipse/collections/impl/list/fixed,FixedSizeListFactoryImpl.java,19;21;23
org/eclipse/collections/impl/list/fixed,EmptyList.java,42
org/eclipse/collections/impl/list/fixed,AbstractMemoryEfficientMutableList.java,29
org/eclipse/collections/impl/collection/mutable,AbstractMutableCollection.java,48;199
org/eclipse/collections/impl/utility,Iterate.java,130;132;154;189;191;209;2204;2208;2210;2224;3208;3210
org/eclipse/collections/impl/utility,LazyIterate.java,49;61;92
org/eclipse/collections/impl/list/mutable,MutableListFactoryImpl.java,20;22;27
org/eclipse/collections/impl/list/mutable,MutableIterator.java,28;32;33;34;39;47;48;49
org/eclipse/collections/impl/list/mutable,AbstractMutableList.java,71;75;558
org/eclipse/collections/impl/list/mutable,MultiReaderMutableListFactory.java,20;22
org/eclipse/collections/impl/list/mutable,FastList.java,120;121;125;128;129;159;443;445;449;451;473;474;478;479;480;594;596;598;1067;1069;1082;1084;1086;1087;1129;1130;1242
org/eclipse/collections/impl/collection/immutable,AbstractImmutableCollection.java,50
org/eclipse/collections/impl/set,AbstractUnifiedSet.java,42;50;87;88;90;93;98;99;101;107;108;127
org/eclipse/collections/impl/lazy,LazyIterableAdapter.java,37;38;39;44;45
org/eclipse/collections/impl/lazy,CollectIterable.java,41;42;43;44;61;62
org/eclipse/collections/impl/lazy,AbstractLazyIterable.java,82;197
org/eclipse/collections/impl/block/function/checked,CheckedFunction.java,15
org/eclipse/collections/impl/jmh,CountSetTest.java,40;48;49;56;57;62;63;64;69;73;74;75;76;77;78;83;84;85;86;87;88;93;94;95;96;97;98;103;104;105;106;107;108;113;114;115;116;117;118;122;123;124;125;126;127;130;133;135;137;139;140;141;144;146;147;148;152;154;156;158;159;160;163;165;166;167;171;173;174;175;177;178;179;181;182;184;185;188;189;236;237;238
org/eclipse/collections/impl/block/procedure,CountProcedure.java,28;29;30;34;35;40;42;44;48
org/eclipse/collections/impl/jmh/runner,AbstractJMHTestRunner.java,21
