Package Name,Class Name,Covered Lines
org/eclipse/collections/impl,AbstractRichIterable.java,96;143
org/eclipse/collections/impl/list,IntervalUtils.java,26;27;28;32;33;40;44;48;52;56;57
org/eclipse/collections/impl/list,Interval.java,69;70;71;72;73;74;140;148;152;303;304;386;387;389;391;401;406;407;429;769;775;776;777
org/eclipse/collections/impl/jmh/jmh_generated,ListAddAllTest_ec_jmhTest.java,36;283;284;285;286;287;288;290;291;293;296;297;298;299;300;302;303;305;306;307;308;309;310;316;317;318;319;320;322;323;324;330;331;332;333;334;336
org/eclipse/collections/impl/jmh/jmh_generated,ListAddAllTest_jmhType_B1.java,3
org/eclipse/collections/impl/jmh/jmh_generated,ListAddAllTest_jmhType.java,2
org/eclipse/collections/impl/jmh/jmh_generated,ListAddAllTest_jmhType_B3.java,2
org/eclipse/collections/impl/jmh/jmh_generated,ListAddAllTest_jmhType_B2.java,3;6;7;11;12;16;17
org/eclipse/collections/impl/collection/mutable,AbstractMutableCollection.java,48
org/eclipse/collections/impl/utility,Iterate.java,3242;3246;3248
org/eclipse/collections/impl/list/mutable,AbstractMutableList.java,71;75
org/eclipse/collections/impl/list/mutable,FastList.java,120;121;125;128;129;142;143;146;147;148;149;159;176;187;293;298;300;315;320;321;322;323;455;456;457;458;463;464;466;467;469;473;474;478;479;480;1129;1130;1242
org/eclipse/collections/impl/lazy,AbstractLazyIterable.java,82
org/eclipse/collections/impl/jmh,ListAddAllTest.java,31;34;35;54;55;57;59;63
org/eclipse/collections/impl/jmh/runner,AbstractJMHTestRunner.java,21
