Package Name,Class Name,Covered Lines
org/eclipse/collections/impl,AbstractRichIterable.java,96;143;561;562
org/eclipse/collections/impl/list,IntervalUtils.java,26;27;28;32;33;40;44;48;52;56;57
org/eclipse/collections/impl/list,Interval.java,69;70;71;72;73;74;140;148;152;303;304;386;387;389;391;401;406;407;429;769;775;776;777
org/eclipse/collections/impl/jmh/jmh_generated,CollectTest_jmhType.java,2
org/eclipse/collections/impl/jmh/jmh_generated,CollectTest_parallel_eager_ec_jmhTest.java,36;286;287;288;289;290;291;293;294;296;299;300;301;302;303;305;306;307;309;310;311;312;313;314;320;321;322;323;324;326;327;328;334;335;336;337;338;339;341
org/eclipse/collections/impl/jmh/jmh_generated,CollectTest_jmhType_B3.java,2
org/eclipse/collections/impl/jmh/jmh_generated,CollectTest_jmhType_B1.java,3
org/eclipse/collections/impl/jmh/jmh_generated,CollectTest_jmhType_B2.java,3;6;7;11;12;16;17
org/eclipse/collections/impl/list/immutable,ImmutableListFactoryImpl.java,23;25
org/eclipse/collections/impl/parallel,Combiner.java,21;22
org/eclipse/collections/impl/parallel,AbstractProcedureCombiner.java,21;22;23;28
org/eclipse/collections/impl/parallel,FastListCollectProcedureCombiner.java,32;33;38;39
org/eclipse/collections/impl/parallel,CollectionsThreadFactory.java,20;22;25;26;27;28;29;30;31;32;37;38;39;43
org/eclipse/collections/impl/parallel,BatchIterableProcedureFJTaskRunner.java,24;33;34;35;36;43;44;46;50;51;53;55;56;58;67;73;75;79;80;81;86;87;93;104;110;111;115;117;119;121;128
org/eclipse/collections/impl/parallel,FastListCollectProcedureFactory.java,23;24;25;26;31
org/eclipse/collections/impl/parallel,ParallelIterate.java,72;74;75;413;415;417;447;488;489;504;505;507;509;596;598;605;727;744;762;779;780;781;782;783;790;1320;1337;1342;1347;1352
org/eclipse/collections/impl/parallel,BatchIterableProcedureFJTask.java,33;34;35;36;37;38;39;46;47;55;57;61
org/eclipse/collections/impl/parallel,AbstractTransformerBasedCombiner.java,37;38;39;43;47;49;78
org/eclipse/collections/impl/list/fixed,FixedSizeListFactoryImpl.java,19;21;23
org/eclipse/collections/impl/list/fixed,EmptyList.java,42
org/eclipse/collections/impl/list/fixed,AbstractMemoryEfficientMutableList.java,29
org/eclipse/collections/impl/collection/mutable,AbstractMutableCollection.java,48
org/eclipse/collections/impl/utility,ArrayIterate.java,421;425;436;440
org/eclipse/collections/impl/utility,Iterate.java,130;132;154;2204;2208;2210;2224;3208;3210
org/eclipse/collections/impl/list/mutable,CompositeFastList.java,54;58;59;62;74;236;240;241;242;243;271;275;276;277
org/eclipse/collections/impl/list/mutable,MutableListFactoryImpl.java,20;22;45;51
org/eclipse/collections/impl/list/mutable,AbstractMutableList.java,71;75
org/eclipse/collections/impl/list/mutable,MultiReaderMutableListFactory.java,20;22
org/eclipse/collections/impl/list/mutable,FastList.java,120;121;125;128;129;132;133;137;138;152;153;154;155;159;171;240;241;246;443;445;449;451;463;464;469;473;474;478;479;480;594;596;598;1082;1084;1086;1087;1129;1130;1242
org/eclipse/collections/impl/utility/internal,InternalArrayIterate.java,172;173;174;175;179;181;206;257;259;261;473;474;476;478;501;503;509
org/eclipse/collections/impl/lazy,AbstractLazyIterable.java,82
org/eclipse/collections/impl/jmh,CollectTest.java,40;44;45;52;53;58;59;60;118;119;120
org/eclipse/collections/impl/block/procedure,FastListCollectProcedure.java,28;29;30;31;36;37;38;42
org/eclipse/collections/impl/jmh/runner,AbstractJMHTestRunner.java,21
