Package Name,Class Name,Covered Lines
org/eclipse/collections/impl,SpreadFunctions.java,43;44;45;46;47;48;49;54;55;56;57;58;59;60;77;82
org/eclipse/collections/impl/set/primitive,AbstractLongSet.java,24
org/eclipse/collections/impl/map/mutable/primitive,LongLongHashMap.java,85;86;90;91;92;136;142;148;345;351;357;358;359;365;367;759;763;767;768;769;770;774;910;916;920;922;956;958;960;961;963;965;969;971;976;977;979;1227;1228;1230;1232;1235;1236;1238;1239;1240;1244;1246;1248;1253;1258;1259;1261;1262;1263;1265;1267;1269;1271;1276;1281;1282;1286;1287;1288;1290;1292;1294;1296;1300;1312;1313;1318;1323;1324;1328;1333;1349
org/eclipse/collections/impl/map/mutable/primitive,AbstractMutableLongValuesMap.java,49;158
org/eclipse/collections/impl/list/mutable/primitive,LongArrayList.java,64;65;69;72;73;123;219;220;224;225;226;231;232;247;249;253;255;260;262;264;265;266;833;834;835
org/eclipse/collections/impl/jmh/jmh_generated,LongLongMapSmallStressTest_jmhType_B1.java,3
org/eclipse/collections/impl/jmh/jmh_generated,LongLongMapSmallStressTest_ecGet_jmhTest.java,36;283;284;285;286;287;288;290;291;293;296;297;298;299;300;302;303;305;306;307;308;309;310;316;317;318;319;320;322;323;324;330;331;332;333;335;336;337;338;339;341
org/eclipse/collections/impl/jmh/jmh_generated,LongLongMapSmallStressTest_jmhType_B3.java,2
org/eclipse/collections/impl/jmh/jmh_generated,LongLongMapSmallStressTest_jmhType.java,2
org/eclipse/collections/impl/jmh/jmh_generated,LongLongMapSmallStressTest_jmhType_B2.java,3;6;7;11;12;16;17
org/eclipse/collections/impl/primitive,AbstractLongIterable.java,29
org/eclipse/collections/impl/set/mutable/primitive,LongHashSet.java,74;75;79;80;81;108;127;157;204;216;218;224;228;232;233;234;238;488;490;491;492;500;502;504;505;508;999;1000;1005;1006;1008;1010;1013;1014;1016;1017;1018;1022;1024;1026;1031;1036;1037;1039;1040;1041;1045;1047;1049;1084;1085;1090;1091;1096;1109;1114
org/eclipse/collections/impl/jmh,LongLongMapSmallStressTest.java,38;53;54;55;60;65;70;76;77;79;81;82;83;85;87;89;90;92;94;96;97;100;101;102;106;107;109;111;116;117;118;123;124;126;127;129;132;137;138;139;144;145;147;148;150;153;178;180;182;187;192;264;266;268;272;273;274;275
org/eclipse/collections/impl/jmh/runner,AbstractJMHTestRunner.java,21
