Package Name,Class Name,Covered Lines
org/eclipse/collections/impl,AbstractRichIterable.java,96;143;348;349;350;388;561;562
org/eclipse/collections/impl/list,IntervalUtils.java,26;27;28;32;33;40;44;48;52;56;57
org/eclipse/collections/impl/list,Interval.java,69;70;71;72;73;74;140;148;152;303;304;386;387;389;391;401;406;407;429;440;442;444;454;459;460;769;775;776;777;929;930;931
org/eclipse/collections/impl/jmh/jmh_generated,MaxTest_jmhType_B2.java,3;6;7;11;12;16;17
org/eclipse/collections/impl/jmh/jmh_generated,MaxTest_jmhType_B3.java,2
org/eclipse/collections/impl/jmh/jmh_generated,MaxTest_serial_lazy_reverse_ec_jmhTest.java,36;286;287;288;289;290;291;293;294;296;299;300;301;302;303;305;306;307;309;310;311;312;313;314;320;321;322;323;324;326;327;328;334;335;336;337;338;339;341
org/eclipse/collections/impl/jmh/jmh_generated,MaxTest_jmhType_B1.java,3
org/eclipse/collections/impl/jmh/jmh_generated,MaxTest_jmhType.java,2
org/eclipse/collections/impl/list/immutable,ImmutableEmptyList.java,47;51;52
org/eclipse/collections/impl/list/immutable,ImmutableListFactoryImpl.java,23;25;30;248;250
org/eclipse/collections/impl/list/immutable,AbstractImmutableList.java,102
org/eclipse/collections/impl/partition/list,PartitionFastList.java,18;20;21;26;32;38
org/eclipse/collections/impl/partition/list,PartitionImmutableListImpl.java,22;23;24;25;29;30
org/eclipse/collections/impl/list/fixed,FixedSizeListFactoryImpl.java,19;21;23
org/eclipse/collections/impl/list/fixed,EmptyList.java,42
org/eclipse/collections/impl/list/fixed,AbstractMemoryEfficientMutableList.java,29
org/eclipse/collections/impl/collection/mutable,AbstractMutableCollection.java,48
org/eclipse/collections/impl/utility,Iterate.java,130;132;154;2204;2208;2210
org/eclipse/collections/impl/utility,LazyIterate.java,49;61
org/eclipse/collections/impl/list/mutable,MutableListFactoryImpl.java,20;22
org/eclipse/collections/impl/list/mutable,AbstractMutableList.java,71;75
org/eclipse/collections/impl/list/mutable,MultiReaderMutableListFactory.java,20;22
org/eclipse/collections/impl/list/mutable,FastList.java,120;121;125;128;129;132;133;137;138;159;171;594;596;598;1082;1086;1087;1242
org/eclipse/collections/impl/collection/immutable,AbstractImmutableCollection.java,50
org/eclipse/collections/impl/lazy,LazyIterableAdapter.java,37;38;39;44;45
org/eclipse/collections/impl/lazy,AbstractLazyIterable.java,82
org/eclipse/collections/impl/jmh,MaxTest.java,35;40;41;48;49;54;55;56;145
org/eclipse/collections/impl/block/procedure,ComparatorProcedure.java,28;29;30;39;43
org/eclipse/collections/impl/block/procedure,CollectionAddProcedure.java,27;28;29;33;39;40
org/eclipse/collections/impl/block/procedure,MaxComparatorProcedure.java,27;28;33;35;36;38;42
org/eclipse/collections/impl/jmh/runner,AbstractJMHTestRunner.java,21
