Package Name,Class Name,Covered Lines
org/eclipse/collections/impl/set/mutable,MutableSetFactoryImpl.java,19;21;33
org/eclipse/collections/impl/set/mutable,AbstractMutableSet.java,38
org/eclipse/collections/impl/set/mutable,UnifiedSet.java,69;70;103;104;107;108;112;116;120;121;122;158;194;195;197;199;211;212;219;220;221;222;244;245;246;248;249;253;2335;2339
org/eclipse/collections/impl/set/mutable,MultiReaderMutableSetFactory.java,19;21
org/eclipse/collections/impl,AbstractRichIterable.java,96;561;562
org/eclipse/collections/impl/list,IntervalUtils.java,26;27;28;32;33;40;44;48;52;56;57
org/eclipse/collections/impl/list,Interval.java,69;70;71;72;73;74;140;148;152;303;304;429;440;442;444;454;459;460;769;799;802;804;809;811;819;821;822;823;937;938;939
org/eclipse/collections/impl/jmh/jmh_generated,SetAddAllTest_jmhType.java,2
org/eclipse/collections/impl/jmh/jmh_generated,SetAddAllTest_jmhType_B1.java,3
org/eclipse/collections/impl/jmh/jmh_generated,SetAddAllTest_jmhType_B3.java,2
org/eclipse/collections/impl/jmh/jmh_generated,SetAddAllTest_jmhType_B2.java,3;6;7;11;12;16;17
org/eclipse/collections/impl/jmh/jmh_generated,SetAddAllTest_jdk_jmhTest.java,36;283;284;285;286;287;288;290;291;293;296;297;298;299;300;302;303;305;306;307;308;309;310;316;317;318;319;320;322;323;324;330;331;332;333;334;336
org/eclipse/collections/impl/set/fixed,AbstractMemoryEfficientMutableSet.java,27
org/eclipse/collections/impl/set/fixed,EmptySet.java,34
org/eclipse/collections/impl/set/fixed,FixedSizeSetFactoryImpl.java,22;24;26
org/eclipse/collections/impl/collection/mutable,AbstractMutableCollection.java,48
org/eclipse/collections/impl/set,AbstractUnifiedSet.java,42;50;87;88;90;93;98;99;101;107;108
org/eclipse/collections/impl/lazy,AbstractLazyIterable.java,82
org/eclipse/collections/impl/jmh,SetAddAllTest.java,31;34;35;40;41;43;45
org/eclipse/collections/impl/block/procedure,CollectionAddProcedure.java,27;28;29;33;39;40
org/eclipse/collections/impl/jmh/runner,AbstractJMHTestRunner.java,21
org/eclipse/collections/impl/set/immutable,ImmutableSetFactoryImpl.java,19;21
