Package Name,Class Name,Covered Lines
org/eclipse/collections/impl/set/mutable,UnifiedSet.java,69;70;97;98;99;153;205;211;212;219;220;221;222;244;245;246;248;249;253;255;257;264;265;267;270;274;283;287;289;290;294;296;300;302;303;305;307;308;312;314;318;319;323;327;328;329;333;339;340;341;342;344;346;347;349;352;354;356;360;361;363;365;366;368;370;371;373;378;379;381;384;1823;1824;1825;1826;2100;2101;2103;2105;2106;2108;2110;2113;2115;2117;2122;2123;2125;2128;2130;2132;2141;2143;2145;2147;2148;2150;2152;2154;2156;2158;2160;2161;2163;2165;2166;2168;2170;2172;2174;2176;2177;2181;2185;2186;2187;2189;2191;2330;2335;2339;2344
org/eclipse/collections/impl,AbstractRichIterable.java,96
org/eclipse/collections/impl/jmh/jmh_generated,MinByDoubleTest_jmhType_B1.java,3
org/eclipse/collections/impl/jmh/jmh_generated,MinByDoubleTest_jmhType.java,2
org/eclipse/collections/impl/jmh/jmh_generated,MinByDoubleTest_jmhType_B3.java,2
org/eclipse/collections/impl/jmh/jmh_generated,MinByDoubleTest_jmhType_B2.java,3;6;7;11;12;16;17
org/eclipse/collections/impl/jmh/jmh_generated,MinByDoubleTest_minByMarketValue_serial_lazy_direct_methodref_jdk_jmhTest.java,36;286;287;288;289;290;291;293;294;296;299;300;301;302;303;305;306;307;309;310;311;312;313;314;320;321;322;323;324;326;327;328;334;335;336;337;338;339;341
org/eclipse/collections/impl/jmh/domain,Product.java,22;23;24;25;26;35;46;50;55;57;68
org/eclipse/collections/impl/jmh/domain,Position.java,22;23;24;25;26;50
org/eclipse/collections/impl/jmh/domain,Account.java,18;19;20;30;34;39;41;47
org/eclipse/collections/impl/jmh/domain,Positions.java,26;27;28;29;30;31;42;43;44;45;49;50;51;56;57;58;59;60;61;71
org/eclipse/collections/impl/collection/mutable,AbstractMutableCollection.java,48
org/eclipse/collections/impl/list/mutable,AbstractMutableList.java,71;75
org/eclipse/collections/impl/list/mutable,FastList.java,120;121;125;132;133;137;138;171;197;198;200;202;375;393;394;395;478;479;480;1067;1069;1082;1086;1087;1242
org/eclipse/collections/impl/set,AbstractUnifiedSet.java,42;50;98;99;101;107;108;112;113
org/eclipse/collections/impl/jmh,MinByDoubleTest.java,34;40;41;43;46;53;54;59;60;61;66
org/eclipse/collections/impl/jmh/runner,AbstractJMHTestRunner.java,21
