Package Name,Class Name,Covered Lines
org/eclipse/collections/impl,AbstractRichIterable.java,96;143
org/eclipse/collections/impl/map/mutable/primitive,ObjectLongHashMap.java,80;81;101;102;134;135;139;140;141;176;181;182;186;264;270;421;423;430;431;436;437;573;577;578;579;580;582;584;589;590;592;593;595;596;668;685;686;688;749;751;753;756;1195;1196;1197;1201;1202;1206;1207;1208;1209;1210;1211;1213;1215;1217;1220;1225;1227;1228;1233;1235;1273;1274;1275;1276;1281;1288;1290;1297;1298;1299;1303;1308;1313;1318;1323;1325
org/eclipse/collections/impl/map/mutable/primitive,MutableObjectLongMapFactoryImpl.java,27;29;34
org/eclipse/collections/impl/list/mutable/primitive,IntArrayList.java,64;65;69;76;77;78;260;264;265;266;833;834;835
org/eclipse/collections/impl/jmh/jmh_generated,IntListJMHTest_jmhType_B1.java,3
org/eclipse/collections/impl/jmh/jmh_generated,IntListJMHTest_filterMapSumECOptimizedParallelEager_jmhTest.java,36;283;284;285;286;287;288;290;291;293;296;297;298;299;300;302;303;305;306;307;308;309;310;316;317;318;319;320;322;323;324;330;331;332;333;334;335;337
org/eclipse/collections/impl/jmh/jmh_generated,IntListJMHTest_jmhType_B3.java,2
org/eclipse/collections/impl/jmh/jmh_generated,IntListJMHTest_jmhType.java,2
org/eclipse/collections/impl/jmh/jmh_generated,IntListJMHTest_jmhType_B2.java,3;6;7;11;12;16;17
org/eclipse/collections/impl/primitive,AbstractIntIterable.java,29
org/eclipse/collections/impl/parallel,AbstractProcedureCombiner.java,21;22;23;28
org/eclipse/collections/impl/parallel,CollectionsThreadFactory.java,20;22;25;26;27;28;29;30;31;32;37;38;39;43
org/eclipse/collections/impl/parallel,BatchIterableProcedureFJTaskRunner.java,24;33;34;35;36;38;39;46;50;51;53;55;56;58;67;69;75;79;80;81;86;87;93;95;96;98;99;101;110;111;115;119;121
org/eclipse/collections/impl/parallel,ParallelIterate.java,72;74;75;379;380;413;415;417;447;488;489;504;505;507;509;596;598;605;1265;1266;1272;1320;1337;1342;1347;1352;1559;1564;1565;1566;1567;1572;1573;1577;1583;1593;1594;1595;1600;1602;1606;1608
org/eclipse/collections/impl/parallel,BatchIterableProcedureFJTask.java,33;34;35;36;37;38;39;46;47;55;57;61
org/eclipse/collections/impl/collection/mutable,AbstractMutableCollection.java,48
org/eclipse/collections/impl/map/immutable/primitive,ImmutableObjectLongMapFactoryImpl.java,27;29
org/eclipse/collections/impl/utility,Iterate.java,2204;2208;2210;2224
org/eclipse/collections/impl/list/mutable,AbstractMutableList.java,71;75
org/eclipse/collections/impl/list/mutable,FastList.java,120;121;125;132;133;137;138;171;197;198;200;202;240;241;246;375;478;479;480;842;1082;1086;1087;1242
org/eclipse/collections/impl/utility/internal,InternalArrayIterate.java,172;173;174;175;179;183;187;191;195;201;203;206;1318;1320;1322
org/eclipse/collections/impl/jmh,IntListJMHTest.java,48;70;71;72;73;74;75;76;77;204;206;207
