Package Name,Class Name,Covered Lines
org/eclipse/collections/impl,SpreadFunctions.java,21;22;23;24;25;26;27;32;33;34;35;36;37;38;87;92
org/eclipse/collections/impl/map/mutable/primitive,IntIntHashMap.java,80;81;82;136;345;351;357;358;359;361;365;367;759;763;767;768;769;770;772;774;910;916;920;922;956;958;960;961;963;965;969;971;976;977;979;1198;1199;1200;1204;1205;1209;1210;1211;1212;1213;1215;1217;1219;1222;1227;1228;1230;1232;1235;1236;1238;1239;1240;1242;1244;1246;1248;1253;1258;1259;1261;1262;1263;1265;1267;1269;1271;1276;1281;1282;1286;1287;1288;1290;1292;1294;1296;1300;1312;1313;1318;1323;1324;1328;1333;1338;1349
org/eclipse/collections/impl/map/mutable/primitive,AbstractMutableIntValuesMap.java,49
org/eclipse/collections/impl/jmh/jmh_generated,IntIntMapTest_jmhType_B3.java,2
org/eclipse/collections/impl/jmh/jmh_generated,IntIntMapTest_get_jmhTest.java,36;283;284;285;286;287;288;290;291;293;296;297;298;299;300;302;303;305;306;307;308;309;310;316;317;318;319;320;322;323;324;330;331;332;333;335;336;337;338;339;340;341;342;344
org/eclipse/collections/impl/jmh/jmh_generated,IntIntMapTest_jmhType_B2.java,3;6;7;11;12;16;17
org/eclipse/collections/impl/jmh/jmh_generated,IntIntMapTest_jmhType_B1.java,3
org/eclipse/collections/impl/jmh/jmh_generated,IntIntMapTest_jmhType.java,2
org/eclipse/collections/impl/primitive,AbstractIntIterable.java,29
org/eclipse/collections/impl/jmh,IntIntMapTest.java,34;48;49;50;51;56;57;59;62;64;65;66;68;70;72;76;80;82;83;85;87;88;95;97;99;102;151;153;155
org/eclipse/collections/impl/jmh/runner,AbstractJMHTestRunner.java,21
