Package Name,Class Name,Covered Lines
org/eclipse/collections/impl,AbstractRichIterable.java,96;143;149;150;151;388;561;562;599
org/eclipse/collections/impl,UnmodifiableRichIterable.java,86;87;88;95;99;256;778
org/eclipse/collections/impl/block/comparator/primitive,IntFunctionComparator.java,28;29;30;35;36;37
org/eclipse/collections/impl/block/function/primitive,IntegerFunctionImpl.java,21
org/eclipse/collections/impl/multimap/list,FastListMultimap.java,40;41;42;76;97;109
org/eclipse/collections/impl/multimap/list,AbstractMutableListMultimap.java,29;30
org/eclipse/collections/impl/block/factory,Functions.java,50;51;52;54;55;56;57;58;59;60;61;62;63;64;65;66;67;68;69;354;430;457;833;1119;1120;1121;1122;1127;1128;1138;1139;1140;1141;1146;1147
org/eclipse/collections/impl/block/factory,Procedures2.java,35;36;85;157;158
org/eclipse/collections/impl/block/factory,Procedures.java,41
org/eclipse/collections/impl/block/factory,Comparators.java,33;34;35;36;37;38;218;219;220;453
org/eclipse/collections/impl/jmh/jmh_generated,AnagramListTest_jmhType.java,2
org/eclipse/collections/impl/jmh/jmh_generated,AnagramListTest_jmhType_B3.java,2
org/eclipse/collections/impl/jmh/jmh_generated,AnagramListTest_jmhType_B1.java,3
org/eclipse/collections/impl/jmh/jmh_generated,AnagramListTest_jmhType_B2.java,3;6;7;11;12;16;17
org/eclipse/collections/impl/jmh/jmh_generated,AnagramListTest_serial_eager_ec_jmhTest.java,36;286;287;288;289;290;291;293;294;296;299;300;301;302;303;305;306;307;309;310;311;312;313;314;320;321;322;323;324;326;327;328;334;335;336;337;338;339;341
org/eclipse/collections/impl/list/immutable,ImmutableEmptyList.java,47;51;52
org/eclipse/collections/impl/list/immutable,ImmutableListFactoryImpl.java,23;25;30;248;250
org/eclipse/collections/impl/list/immutable,AbstractImmutableList.java,102
org/eclipse/collections/impl/partition/list,PartitionFastList.java,18;20;21;26;32;38
org/eclipse/collections/impl/partition/list,PartitionImmutableListImpl.java,22;23;24;25;29;30
org/eclipse/collections/impl/map/mutable,AbstractMutableMapIterable.java,41;140
org/eclipse/collections/impl/map/mutable,MutableMapFactoryImpl.java,20;22;28
org/eclipse/collections/impl/map/mutable,UnifiedMap.java,70;71;91;92;122;127;128;129;173;301;302;304;309;310;314;315;322;323;324;325;347;348;349;351;352;353;357;359;365;370;372;373;375;377;378;379;383;385;392;393;394;395;396;397;401;403;404;405;406;407;408;409;410;414;737;738;740;742;743;744;745;747;749;751;753;755;760;761;763;764;765;767;769;770;771;772;774;778;780;781;784;786;787;788;789;790;791;792;794;797;800;801;802;803;804;805;806;807;808;810;813;852;853;854;855;857;859;860;862;863;865;867;870;871;873;876;1328;1346;2415;2425;3038;3071;3257;3261;3262;3263;3264;3267;3268;3270;3271;3277;3281;3282;3283;3285;3287;3289;3291;3292;3293;3295;3297;3298;3299;3305;3310;3314;3319
org/eclipse/collections/impl/map/mutable,AbstractMutableMap.java,66;311
org/eclipse/collections/impl/list/fixed,FixedSizeListFactoryImpl.java,19;21;23
org/eclipse/collections/impl/list/fixed,EmptyList.java,42
org/eclipse/collections/impl/list/fixed,AbstractMemoryEfficientMutableList.java,29
org/eclipse/collections/impl/collection/mutable,AbstractMutableCollection.java,48
org/eclipse/collections/impl/utility,ListIterate.java,816;820;824;828;832
org/eclipse/collections/impl/utility,Iterate.java,130;132;154;189;191;193;197;201;203;209;2204;2208;2210
org/eclipse/collections/impl/utility,LazyIterate.java,49;61;69;92
org/eclipse/collections/impl/map,AbstractMapIterable.java,28
org/eclipse/collections/impl/list/mutable,MutableListFactoryImpl.java,20;22;27;45;51
org/eclipse/collections/impl/list/mutable,AbstractMutableList.java,71;75;916
org/eclipse/collections/impl/list/mutable,MultiReaderMutableListFactory.java,20;22
org/eclipse/collections/impl/list/mutable,FastList.java,120;121;125;128;129;132;133;137;138;159;171;197;198;200;202;226;227;228;268;269;274;375;443;445;449;451;473;474;478;479;480;526;532;564;565;1082;1084;1086;1087;1129;1130;1242
org/eclipse/collections/impl/collection/immutable,AbstractImmutableCollection.java,50
org/eclipse/collections/impl/map/immutable,ImmutableMapFactoryImpl.java,19;21
org/eclipse/collections/impl/utility/internal,IterableIterate.java,792;793;1115;1116;1117
org/eclipse/collections/impl/utility/internal,IteratorIterate.java,1008;1010;1012
org/eclipse/collections/impl/utility/internal,InternalArrayIterate.java,136;145;147;150;276;278;279;281;867;869;871;873;875;876;880;885;886
org/eclipse/collections/impl/multimap,AbstractMutableMultimap.java,41;42;43;87;107;108;163;165;167;168;328
org/eclipse/collections/impl/multimap,AbstractMultimap.java,32;52;87
org/eclipse/collections/impl/map/fixed,EmptyMap.java,34
org/eclipse/collections/impl/map/fixed,AbstractMemoryEfficientMutableMap.java,29
org/eclipse/collections/impl/map/fixed,FixedSizeMapFactoryImpl.java,18;20;22
org/eclipse/collections/impl/lazy,LazyIterableAdapter.java,37;38;39;87
org/eclipse/collections/impl/lazy,CollectIterable.java,41;42;43;44;49;50;61;62
org/eclipse/collections/impl/lazy,ReverseIterable.java,31;32;33;37;43;44
org/eclipse/collections/impl/lazy,SelectIterable.java,37;38;39;40;57;58
org/eclipse/collections/impl/lazy,AbstractLazyIterable.java,82;153;197
org/eclipse/collections/impl/block/function/checked,CheckedFunction.java,15
org/eclipse/collections/impl/jmh,AnagramListTest.java,46;51;52;59;60;65;66;67;72;73;74;75;76;77;78;79;162;163;164;165;170;174;178;179;185
org/eclipse/collections/impl/block/procedure,IfProcedureWith.java,27;28;29;30;35;37;39
org/eclipse/collections/impl/jmh/runner,AbstractJMHTestRunner.java,21
