Package Name,Class Name,Covered Lines
org/eclipse/collections/impl/set/mutable,UnifiedSet.java,69;70;107;108;112;116;120;121;122;126;127;128;163;167;169;194;195;197;199;205;211;212;219;220;221;222;244;245;246;248;249;253;255;257;259;264;265;267;270;272;274;283;285;287;289;290;294;296;298;300;302;303;305;307;308;312;314;316;318;319;323;327;328;329;333;443;444;445;446;447;449;450;452;454;458;462;497;498;502;503;505;507;508;510;512;514;515;517;518;1051;1056;1057;1058;1060;1062;1063;1065;1067;1072;1077;1087;1269;1708;1711;1721;1771;1772;1773;1774;1776;1777;1779;1780;1786;1790;1791;1792;1794;1796;1798;1800;1801;1803;1805;1806;1807;1823;1824;1825;1826;1901;1902;1904;1905;1909;1912;1914;1916;1918;1920;1921;1922;1924;1926;2330;2335;2339;2344
org/eclipse/collections/impl,AbstractRichIterable.java,96;119;120;121;143;149;150;151;388;561;562;599
org/eclipse/collections/impl,UnmodifiableRichIterable.java,86;87;88;95;99;256;778
org/eclipse/collections/impl/block/comparator/primitive,IntFunctionComparator.java,28;29;30;35;36;37
org/eclipse/collections/impl/block/function/primitive,IntegerFunctionImpl.java,21
org/eclipse/collections/impl/multimap/list,SynchronizedPutFastListMultimap.java,46;47;73;105
org/eclipse/collections/impl/block/factory,Functions.java,50;51;52;54;55;56;57;58;59;60;61;62;63;64;65;66;67;68;69;354;457;833;1138;1139;1140;1141;1146;1147
org/eclipse/collections/impl/block/factory,Procedures2.java,35;36;85;157;158
org/eclipse/collections/impl/block/factory,Procedures.java,41;100;200;201;202;207;208;209
org/eclipse/collections/impl/block/factory,Comparators.java,33;34;35;36;37;38;218;219;220;453
org/eclipse/collections/impl/jmh/jmh_generated,AnagramSetTest_jmhType.java,2
org/eclipse/collections/impl/jmh/jmh_generated,AnagramSetTest_parallel_eager_forkjoin_ec_jmhTest.java,36;286;287;288;289;290;291;293;294;296;299;300;301;302;303;305;306;307;309;310;311;312;313;314;320;321;322;323;324;326;327;328;334;335;336;337;338;339;341
org/eclipse/collections/impl/jmh/jmh_generated,AnagramSetTest_jmhType_B1.java,3
org/eclipse/collections/impl/jmh/jmh_generated,AnagramSetTest_jmhType_B3.java,2
org/eclipse/collections/impl/jmh/jmh_generated,AnagramSetTest_jmhType_B2.java,3;6;7;11;12;16;17
org/eclipse/collections/impl/list/immutable,ImmutableEmptyList.java,47;51;52
org/eclipse/collections/impl/list/immutable,ImmutableListFactoryImpl.java,23;25;30;248;250
org/eclipse/collections/impl/list/immutable,AbstractImmutableList.java,102
org/eclipse/collections/impl/parallel,ParallelArrayIterate.java,59;61;62;70;71;74
org/eclipse/collections/impl/parallel,Combiner.java,21;22
org/eclipse/collections/impl/parallel,AbstractProcedureCombiner.java,21;22;23;28
org/eclipse/collections/impl/parallel,FastListCollectProcedureCombiner.java,32;33;38;39
org/eclipse/collections/impl/parallel,ArrayProcedureFJTask.java,32;33;34;35;36;37;38;45;46;54;56;60
org/eclipse/collections/impl/parallel,SelectProcedureFactory.java,23;24;25;26;31
org/eclipse/collections/impl/parallel,ArrayProcedureFJTaskRunner.java,24;33;34;35;36;43;44;46;53;54;55;57;64;65;67;71;77;79;85;96;102;103;107;108;109;114;115;124;126;128;130;137
org/eclipse/collections/impl/parallel,CollectionsThreadFactory.java,20;22;25;26;27;28;29;30;31;32
org/eclipse/collections/impl/parallel,SelectProcedureCombiner.java,32;33;38;39
org/eclipse/collections/impl/parallel,PassThruCombiner.java,17;30;35
org/eclipse/collections/impl/parallel,FastListCollectProcedureFactory.java,23;24;25;26;31
org/eclipse/collections/impl/parallel,Combiners.java,22
org/eclipse/collections/impl/parallel,ParallelIterate.java,72;74;75;1320;1337;1342;1347;1352
org/eclipse/collections/impl/parallel,AbstractPredicateBasedCombiner.java,41;42;43;50;52;85
org/eclipse/collections/impl/parallel,PassThruProcedureFactory.java,20;21;22;27
org/eclipse/collections/impl/parallel,AbstractTransformerBasedCombiner.java,37;38;39;43;47;51;55;60;64;69;73;78
org/eclipse/collections/impl/partition/list,PartitionFastList.java,18;20;21;26;32;38
org/eclipse/collections/impl/partition/list,PartitionImmutableListImpl.java,22;23;24;25;29;30
org/eclipse/collections/impl/map/mutable,AbstractMutableMapIterable.java,41;140
org/eclipse/collections/impl/map/mutable,ConcurrentHashMap.java,62;72;73;74;75;91;92;95;96;100;105;106;108;109;111;113;117;118;122;132;173;174;176;177;178;180;183;187;188;189;190;195;196;197;199;200;201;203;206;211;212;213;215;216;217;219;224;225;231;232;233;234;236;238;242;243;244;246;248;250;251;253;255;256;257;259;261;263;264;265;273;276;278;285;287;289;290;292;294;297;299;300;302;307;308;310;312;313;315;316;319;320;321;322;326;327;329;330;331;333;337;339;340;342;344;347;349;350;354;355;357;359;360;362;363;366;368;369;373;374;377;378;379;380;387;389;391;395;400;402;404;591;593;595;598;599;603;604;605;606;608;611;612;614;618;625;626;628;630;631;636;637;639;641;644;977;1456;1457;1458;1459;1478;1479;1480;1481;1485;1487;1488;1514;1516;1517;1518;1522;1524;1525;1531;1536;1541;1542;1547;1549;1551;1552;1579;1590;1657;1662;1700;1809;1810;1811;1812;1813;1816;1817;1818;1819;1820;1825;1831;1842;1882;1883;1888;1889;1890;1891;1895;1896;1900;1901;1903;1905;1906;1908;1912;1917;1922;1924;1926;1928;1931;1933;1935;1937;1940;1942;1944;1948;1953;1955;1957;1966;1967;2099;2100;2101;2102;2105;2106;2107;2108;2110;2114;2115;2117;2118;2120;2122;2123;2124;2126;2127;2129;2130;2132;2133;2136
org/eclipse/collections/impl/map/mutable,AbstractMutableMap.java,66
org/eclipse/collections/impl/list/fixed,FixedSizeListFactoryImpl.java,19;21;23
org/eclipse/collections/impl/list/fixed,EmptyList.java,42
org/eclipse/collections/impl/list/fixed,AbstractMemoryEfficientMutableList.java,29
org/eclipse/collections/impl/collection/mutable,AbstractMutableCollection.java,48;199
org/eclipse/collections/impl/utility,ArrayIterate.java,421;425;436;440;740;745;746;747;1150
org/eclipse/collections/impl/utility,ListIterate.java,816;820;824;828;832
org/eclipse/collections/impl/utility,Iterate.java,130;132;154;189;193;197;201;203;209;2204;2208;2210;2212;2214;2224;3208;3210;3212;3214;3242;3246;3250;3252
org/eclipse/collections/impl/utility,LazyIterate.java,49;61;92
org/eclipse/collections/impl/map,AbstractMapIterable.java,28
org/eclipse/collections/impl/list/mutable,CompositeFastList.java,54;58;59;62;177;178;236;240;241;242;243;271;275;276;277
org/eclipse/collections/impl/list/mutable,MutableListFactoryImpl.java,20;22;27;45;51
org/eclipse/collections/impl/list/mutable,AbstractMutableList.java,71;75;916
org/eclipse/collections/impl/list/mutable,MultiReaderMutableListFactory.java,20;22
org/eclipse/collections/impl/list/mutable,FastList.java,120;121;125;128;129;132;133;137;138;159;171;197;198;200;202;226;227;228;246;268;269;274;293;298;300;315;320;321;322;323;375;443;445;449;451;455;456;457;458;463;464;469;473;474;478;479;480;564;565;594;596;598;621;623;625;1067;1069;1082;1084;1086;1087;1129;1130;1242
org/eclipse/collections/impl/collection/immutable,AbstractImmutableCollection.java,50
org/eclipse/collections/impl/set,AbstractUnifiedSet.java,42;50;87;88;90;93;98;99;101;107;108;127
org/eclipse/collections/impl/utility/internal,IterableIterate.java,792;793;1115;1116;1117
org/eclipse/collections/impl/utility/internal,IteratorIterate.java,1008;1010;1012
org/eclipse/collections/impl/utility/internal,InternalArrayIterate.java,136;138;140;145;147;150;473;474;476;478;501;503;509;867;869;871;873;875;876;880;885;886
org/eclipse/collections/impl/multimap,AbstractSynchronizedPutMultimap.java,25;28;29;39;57;58;87;88;90;92;93;124
org/eclipse/collections/impl/multimap,AbstractMutableMultimap.java,41;42;43;87
org/eclipse/collections/impl/multimap,AbstractMultimap.java,32;52;87
org/eclipse/collections/impl/lazy,LazyIterableAdapter.java,37;38;39;87
org/eclipse/collections/impl/lazy,CollectIterable.java,41;42;43;44;61;62;73;79;91
org/eclipse/collections/impl/lazy,ReverseIterable.java,31;32;33;37;49;50;61;85
org/eclipse/collections/impl/lazy,AbstractLazyIterable.java,82
org/eclipse/collections/impl/block/function/checked,CheckedFunction.java,15
org/eclipse/collections/impl/jmh,AnagramSetTest.java,52;58;59;66;67;72;73;74;134;135;136;137;138;139;140;201;202;203;204;209;213;217;218;224
org/eclipse/collections/impl/block/procedure,MultimapPutProcedure.java,31;32;33;34;46;47;48
org/eclipse/collections/impl/block/procedure,SelectProcedure.java,31;32;33;34;39;41;43;47
org/eclipse/collections/impl/block/procedure,FastListCollectProcedure.java,28;29;30;31;36;37;38;42
org/eclipse/collections/impl/jmh/runner,AbstractJMHTestRunner.java,21
