Package Name,Class Name,Covered Lines
org/eclipse/collections/impl,AbstractRichIterable.java,96
org/eclipse/collections/impl/list,IntervalUtils.java,26;27;28;32;33;40;44;48;52;56;57
org/eclipse/collections/impl/list,Interval.java,69;70;71;72;73;74;140;148;152;303;304;386;387;389;391;401;406;407;429;769;775;776;777
org/eclipse/collections/impl/jmh/jmh_generated,CollectTest_jmhType.java,2
org/eclipse/collections/impl/jmh/jmh_generated,CollectTest_jmhType_B3.java,2
org/eclipse/collections/impl/jmh/jmh_generated,CollectTest_serial_lazy_jdk_jmhTest.java,36;286;287;288;289;290;291;293;294;296;299;300;301;302;303;305;306;307;309;310;311;312;313;314;320;321;322;323;324;326;327;328;334;335;336;337;338;339;341
org/eclipse/collections/impl/jmh/jmh_generated,CollectTest_jmhType_B1.java,3
org/eclipse/collections/impl/jmh/jmh_generated,CollectTest_jmhType_B2.java,3;6;7;11;12;16;17
org/eclipse/collections/impl/collection/mutable,AbstractMutableCollection.java,48
org/eclipse/collections/impl/utility,Iterate.java,3208;3210
org/eclipse/collections/impl/list/mutable,AbstractMutableList.java,71;75
org/eclipse/collections/impl/list/mutable,FastList.java,120;121;125;152;153;154;155
org/eclipse/collections/impl/lazy,AbstractLazyIterable.java,82
org/eclipse/collections/impl/jmh,CollectTest.java,40;44;45;52;53;58;59;60;65;66;67
org/eclipse/collections/impl/jmh/runner,AbstractJMHTestRunner.java,21
