Package Name,Class Name,Covered Lines
org/eclipse/collections/impl,AbstractRichIterable.java,96
org/eclipse/collections/impl/jmh/jmh_generated,SumOfDoubleTest_jmhType_B1.java,3
org/eclipse/collections/impl/jmh/jmh_generated,SumOfDoubleTest_jmhType_B3.java,2
org/eclipse/collections/impl/jmh/jmh_generated,SumOfDoubleTest_jmhType_B2.java,3;6;7;11;12;16;17
org/eclipse/collections/impl/jmh/jmh_generated,SumOfDoubleTest_jmhType.java,2
org/eclipse/collections/impl/jmh/jmh_generated,SumOfDoubleTest_serial_lazy_collectDoubleSum_jdk_jmhTest.java,36;286;287;288;289;290;291;293;294;296;299;300;301;302;303;305;306;307;309;310;311;312;313;314;320;321;322;323;324;326;327;328;334;335;336;337;338;339;341
org/eclipse/collections/impl/collection/mutable,AbstractMutableCollection.java,48
org/eclipse/collections/impl/list/mutable,AbstractMutableList.java,71;75
org/eclipse/collections/impl/list/mutable,FastList.java,120;121;125;142;143;146;147;148;149;187
org/eclipse/collections/impl/jmh,SumOfDoubleTest.java,36;40;42;43;50;51;56;57;58;63
org/eclipse/collections/impl/jmh/runner,AbstractJMHTestRunner.java,21
