Package Name,Class Name,Covered Lines
org/eclipse/collections/impl,AbstractRichIterable.java,96;561;562
org/eclipse/collections/impl/list,IntervalUtils.java,26;27;28;32;33;40;44;48;52;56;57
org/eclipse/collections/impl/list,Interval.java,69;70;71;72;73;74;140;148;152;303;304;386;387;389;391;401;406;407;429;440;442;444;454;459;460;769;775;776;777;929;930;931
org/eclipse/collections/impl/jmh/jmh_generated,GroupByListTest_groupBy_10000_keys_serial_eager_guava_jmhTest.java,36;283;284;285;286;287;288;290;291;293;296;297;298;299;300;302;303;305;306;307;308;309;310;316;317;318;319;320;322;323;324;330;331;332;333;334;336
org/eclipse/collections/impl/jmh/jmh_generated,GroupByListTest_jmhType_B1.java,3
org/eclipse/collections/impl/jmh/jmh_generated,GroupByListTest_jmhType_B2.java,3;6;7;11;12;16;17
org/eclipse/collections/impl/jmh/jmh_generated,GroupByListTest_jmhType.java,2
org/eclipse/collections/impl/jmh/jmh_generated,GroupByListTest_jmhType_B3.java,2
org/eclipse/collections/impl/collection/mutable,AbstractMutableCollection.java,48
org/eclipse/collections/impl/utility,Iterate.java,3208;3210
org/eclipse/collections/impl/list/mutable,AbstractMutableList.java,71;75
org/eclipse/collections/impl/list/mutable,FastList.java,120;121;125;132;133;137;138;171;1082;1086;1087
org/eclipse/collections/impl/lazy,AbstractLazyIterable.java,82
org/eclipse/collections/impl/jmh,GroupByListTest.java,34;37;38;91;92
org/eclipse/collections/impl/block/procedure,CollectionAddProcedure.java,27;28;29;33;39;40
org/eclipse/collections/impl/jmh/runner,AbstractJMHTestRunner.java,21
