Package Name,Class Name,Covered Lines
org/eclipse/collections/impl,AbstractRichIterable.java,96
org/eclipse/collections/impl/jmh/map,ChainMapPutTest.java,38;56;58;59;61;63;68;69;70;74;76;77;78;80;82;84
org/eclipse/collections/impl/map/mutable,AbstractMutableMapIterable.java,41
org/eclipse/collections/impl/map/mutable,UnifiedMap.java,70;71;91;92;122;137;138;142;146;151;152;153;183;280;281;283;285;290;291;293;296;301;302;304;309;310;314;315;322;323;324;325;347;348;349;351;352;353;355;357;359;361;362;363;365;370;372;373;375;377;378;379;381;383;385;387;388;389;392;393;394;395;396;397;399;401;403;404;405;406;407;408;409;410;412;414;852;853;854;855;857;859;860;862;863;865;867;870;871;873;876;3305;3310;3314;3319
org/eclipse/collections/impl/map/mutable,AbstractMutableMap.java,66
org/eclipse/collections/impl/jmh/map/jmh_generated,ChainMapPutTest_jmhType.java,2
org/eclipse/collections/impl/jmh/map/jmh_generated,ChainMapPutTest_jmhType_B1.java,3
org/eclipse/collections/impl/jmh/map/jmh_generated,ChainMapPutTest_ec_jmhTest.java,36;283;284;285;286;287;288;290;291;293;296;297;298;299;300;302;303;305;306;307;308;309;310;316;317;318;319;320;322;323;324;330;331;332;333;335;336;337;338;339;340;341;342;343;344;345;347
org/eclipse/collections/impl/jmh/map/jmh_generated,ChainMapPutTest_jmhType_B3.java,2
org/eclipse/collections/impl/jmh/map/jmh_generated,ChainMapPutTest_jmhType_B2.java,3;6;7;11;12;16;17
org/eclipse/collections/impl/map,AbstractMapIterable.java,28
org/eclipse/collections/impl/jmh/runner,AbstractJMHTestRunner.java,21
