Package Name,Class Name,Covered Lines
org/eclipse/collections/impl/set/mutable,UnifiedSet.java,69;70;97;98;99;153;205;211;212;219;220;221;222;244;245;246;248;249;253;255;257;264;265;267;270;274;283;287;289;290;294;296;300;305;307;308;312;314;318;319;323;327;328;329;333;339;340;341;342;344;346;347;349;352;354;356;360;361;363;365;366;368;370;371;373;378;379;381;384;1823;1824;1825;1826;2100;2101;2103;2105;2106;2108;2110;2113;2115;2117;2122;2123;2125;2128;2130;2132;2141;2143;2145;2147;2148;2150;2152;2154;2156;2158;2160;2161;2163;2165;2166;2168;2170;2172;2174;2176;2177;2179;2181;2185;2186;2187;2189;2191;2330;2335;2339;2344
org/eclipse/collections/impl,AbstractRichIterable.java,96;143;149;150;151;388;561;562;567;568
org/eclipse/collections/impl/block/function/primitive,IntegerFunctionImpl.java,21
org/eclipse/collections/impl/block/factory,Functions.java,50;51;52;54;55;56;57;58;59;60;61;62;63;64;65;66;67;68;69;457;833;1138;1139;1140;1141;1146;1147
org/eclipse/collections/impl/block/factory,Procedures2.java,35;36;85;157;158
org/eclipse/collections/impl/block/factory,Procedures.java,136;246;247;248;249;254;255
org/eclipse/collections/impl/lazy/parallel,AbstractParallelIterable.java,72;76;77;79;80;84;94;95;96;600;601;602
org/eclipse/collections/impl/lazy/parallel,AbstractBatch.java,32
org/eclipse/collections/impl/jmh/jmh_generated,AggregateByTest_jmhType.java,2
org/eclipse/collections/impl/jmh/jmh_generated,AggregateByTest_jmhType_B2.java,3;6;7;11;12;16;17
org/eclipse/collections/impl/jmh/jmh_generated,AggregateByTest_jmhType_B3.java,2
org/eclipse/collections/impl/jmh/jmh_generated,AggregateByTest_jmhType_B1.java,3
org/eclipse/collections/impl/jmh/jmh_generated,AggregateByTest_aggregateByCategory_parallel_lazy_ec_jmhTest.java,36;289;290;291;292;293;294;296;297;299;300;303;304;305;306;307;308;310;311;313;314;315;316;317;318;324;325;326;327;328;330;331;332;338;339;340;341;342;344
org/eclipse/collections/impl/list/immutable,ImmutableEmptyList.java,47;51;52
org/eclipse/collections/impl/list/immutable,ImmutableListFactoryImpl.java,23;25;30;248;250
org/eclipse/collections/impl/list/immutable,AbstractImmutableList.java,102
org/eclipse/collections/impl/lazy/parallel/list,ListIterableBatch.java,30;31;32;33;34;39;41;43
org/eclipse/collections/impl/lazy/parallel/list,ListIterableParallelIterable.java,36;37;41;45;49;50;51;52;57;63;69;70;128;131;138;144;145;146;147;148;158;164;166;167;168;173
org/eclipse/collections/impl/lazy/parallel/list,AbstractParallelListIterable.java,27
org/eclipse/collections/impl/partition/list,PartitionFastList.java,18;20;21;26;32;38
org/eclipse/collections/impl/partition/list,PartitionImmutableListImpl.java,22;23;24;25;29;30
org/eclipse/collections/impl/map/mutable,AbstractMutableMapIterable.java,41
org/eclipse/collections/impl/map/mutable,ConcurrentHashMapUnsafe.java,63;74;75;76;91;92;93;94;95;99;101;102;103;104;108;110;111;116;117;131;132;135;136;140;145;146;148;149;151;153;157;158;162;172;177;187;242;243;244;706;713;714;741;742;744;747;1296;1298;1932;1933;1934;1935;1936;1941;1947;1958;2287;2291;2292;2295;2296;2297;2377;2378;2379;2380;2381;2382;2384;2385;2386;2388;2389;2392;2407;2408;2409;2410;2416;2417;2419;2420;2422;2423;2424;2425;2428;2430
org/eclipse/collections/impl/map/mutable,AbstractMutableMap.java,66
org/eclipse/collections/impl/list/fixed,FixedSizeListFactoryImpl.java,19;21;23
org/eclipse/collections/impl/list/fixed,EmptyList.java,42
org/eclipse/collections/impl/list/fixed,AbstractMemoryEfficientMutableList.java,29
org/eclipse/collections/impl/collection/mutable,AbstractMutableCollection.java,48
org/eclipse/collections/impl/utility,Iterate.java,189;191;209;2204;2208;2210
org/eclipse/collections/impl/utility,LazyIterate.java,49;61;92
org/eclipse/collections/impl/map,AbstractMapIterable.java,28
org/eclipse/collections/impl/list/mutable,MutableListFactoryImpl.java,20;22;27
org/eclipse/collections/impl/list/mutable,MutableIterator.java,28;32;33;34;39;47;48;49
org/eclipse/collections/impl/list/mutable,AbstractMutableList.java,71;75;558;922
org/eclipse/collections/impl/list/mutable,MultiReaderMutableListFactory.java,20;22
org/eclipse/collections/impl/list/mutable,FastList.java,120;121;125;128;129;132;133;137;138;159;171;197;198;200;202;375;393;394;395;443;445;449;451;473;474;478;479;480;1067;1069;1082;1084;1086;1087;1129;1130;1242
org/eclipse/collections/impl/collection/immutable,AbstractImmutableCollection.java,50
org/eclipse/collections/impl/set,AbstractUnifiedSet.java,42;50;98;99;101;107;108;112;113
org/eclipse/collections/impl/lazy,LazyIterableAdapter.java,37;38;39
org/eclipse/collections/impl/lazy,CollectIterable.java,41;42;43;44;61;62
org/eclipse/collections/impl/lazy,AbstractLazyIterable.java,82;197
org/eclipse/collections/impl/block/function/checked,CheckedFunction.java,15
org/eclipse/collections/impl/jmh,AggregateByTest.java,50;54;55;56;57;58;59;60;61;69;70;71;72;78;79;80;380;381;382;384;386;387;547;556;557;560;561;562;563;564;565;569;570;573;574;691;693;694;695;709;719;723;725;735;739;744;746;752;756;758;759;760;769;775;779;784;786;791;797
org/eclipse/collections/impl/block/procedure,NonMutatingAggregationProcedure.java,37;38;39;40;41;42;47;48;49
org/eclipse/collections/impl/jmh/runner,AbstractJMHTestRunner.java,21
