Package Name,Class Name,Covered Lines
org/eclipse/collections/impl,AbstractRichIterable.java,96;427;561;562
org/eclipse/collections/impl/block/factory,Predicates.java,34;38;39;40;41;506;1383
org/eclipse/collections/impl/list,IntervalUtils.java,26;27;28;32;33;40;44;48;52;56;57
org/eclipse/collections/impl/list,Interval.java,69;70;71;72;73;74;140;148;152;303;304;429;440;442;444;454;459;460;769;799;802;804;809;811;819;821;822;823;945;946;947
org/eclipse/collections/impl/map/mutable/primitive,MutableObjectIntMapFactoryImpl.java,27;29;106
org/eclipse/collections/impl/map/mutable/primitive,ObjectIntHashMap.java,79;80;100;101;133;134;138;139;140;175;180;181;185;559;560;565;566;567;572;576;577;578;579;583;1224;1226;1227;1232;1234;1272;1273;1274;1275;1296;1297;1298;1302;1307;1317;1322;1324
org/eclipse/collections/impl/jmh/jmh_generated,BagAddAllTest_jmhType.java,2
org/eclipse/collections/impl/jmh/jmh_generated,BagAddAllTest_jmhType_B2.java,3;6;7;11;12;16;17
org/eclipse/collections/impl/jmh/jmh_generated,BagAddAllTest_jmhType_B1.java,3
org/eclipse/collections/impl/jmh/jmh_generated,BagAddAllTest_guava_jmhTest.java,36;283;284;285;286;287;288;290;291;293;296;297;298;299;300;302;303;305;306;307;308;309;310;316;317;318;319;320;322;323;324;330;331;332;333;334;336
org/eclipse/collections/impl/jmh/jmh_generated,BagAddAllTest_jmhType_B3.java,2
org/eclipse/collections/impl/bag,AbstractBag.java,81
org/eclipse/collections/impl/bag/mutable,AbstractMutableBag.java,37
org/eclipse/collections/impl/bag/mutable,MultiReaderMutableBagFactory.java,19;21
org/eclipse/collections/impl/bag/mutable,HashBag.java,45;46;47;62
org/eclipse/collections/impl/bag/mutable,AbstractMutableBagIterable.java,51
org/eclipse/collections/impl/bag/mutable,AbstractHashBag.java,33;144;145;146
org/eclipse/collections/impl/bag/mutable,MutableBagFactoryImpl.java,19;21;51;56
org/eclipse/collections/impl/map/immutable/primitive,ImmutableObjectIntMapFactoryImpl.java,27;29
org/eclipse/collections/impl/block/factory/primitive,IntToIntFunctions.java,17;19;28;53
org/eclipse/collections/impl/utility/internal,IterableIterate.java,681
org/eclipse/collections/impl/utility/internal,IteratorIterate.java,823;825;826;828;858
org/eclipse/collections/impl/lazy,AbstractLazyIterable.java,82;114
org/eclipse/collections/impl/jmh,BagAddAllTest.java,31;34;35;40;41;43;45
org/eclipse/collections/impl/bag/immutable,ImmutableBagFactoryImpl.java,18;20
org/eclipse/collections/impl/block/procedure,CollectionAddProcedure.java,27;28;29;33;39;40
org/eclipse/collections/impl/jmh/runner,AbstractJMHTestRunner.java,21
