Package Name,Class Name,Covered Lines
org/eclipse/collections/impl/set/mutable,UnifiedSet.java,69;70;97;98;99;153;205;211;212;219;220;221;222;244;245;246;248;249;253;255;257;264;265;267;270;274;283;287;289;290;294;296;300;302;303;305;307;308;312;314;318;319;323;327;328;329;333;339;340;341;342;344;346;347;349;352;354;356;360;361;363;365;366;368;370;371;373;378;379;381;384;1823;1824;1825;1826;2100;2101;2103;2105;2106;2108;2110;2113;2115;2117;2122;2123;2125;2128;2130;2132;2141;2143;2145;2147;2148;2150;2152;2154;2156;2158;2160;2161;2163;2165;2166;2168;2170;2172;2174;2176;2177;2179;2181;2185;2186;2187;2189;2191;2330;2335;2339;2344
org/eclipse/collections/impl,AbstractRichIterable.java,96;143
org/eclipse/collections/impl/jmh/jmh_generated,AggregateByTest_jmhType.java,2
org/eclipse/collections/impl/jmh/jmh_generated,AggregateByTest_jmhType_B2.java,3;6;7;11;12;16;17
org/eclipse/collections/impl/jmh/jmh_generated,AggregateByTest_jmhType_B3.java,2
org/eclipse/collections/impl/jmh/jmh_generated,AggregateByTest_aggregateByCategory_parallel_eager_ec_jmhTest.java,36;289;290;291;292;293;294;296;297;299;300;303;304;305;306;307;308;310;311;313;314;315;316;317;318;324;325;326;327;328;330;331;332;338;339;340;341;342;344
org/eclipse/collections/impl/jmh/jmh_generated,AggregateByTest_jmhType_B1.java,3
org/eclipse/collections/impl/parallel,CollectionsThreadFactory.java,20;22;25;26;27;28;29;30;31;32;37;38;39;43
org/eclipse/collections/impl/parallel,PassThruCombiner.java,17;30;35
org/eclipse/collections/impl/parallel,BatchIterableProcedureFJTaskRunner.java,24;33;34;35;36;38;39;46;50;51;53;55;56;58;67;69;75;79;80;81;86;87;93;95;96;98;99;101;110;111;115;119;121
org/eclipse/collections/impl/parallel,Combiners.java,22
org/eclipse/collections/impl/parallel,ParallelIterate.java,72;74;75;379;380;413;415;417;447;488;489;504;505;507;509;596;598;605;945;976;1011;1016;1030;1032;1035;1038;1320;1337;1342;1347;1352
org/eclipse/collections/impl/parallel,PassThruProcedureFactory.java,20;21;22;27
org/eclipse/collections/impl/parallel,BatchIterableProcedureFJTask.java,33;34;35;36;37;38;39;46;47;55;57;61
org/eclipse/collections/impl/map/mutable,AbstractMutableMapIterable.java,41
org/eclipse/collections/impl/map/mutable,ConcurrentHashMap.java,62;72;73;74;75;91;92;95;96;100;105;106;108;109;111;113;117;118;122;132;187;188;189;190;591;598;599;625;626;628;630;631;1180;1182;1816;1817;1818;1819;1820;1825;1831;1842;2245;2246;2247;2248;2249;2250;2252;2253;2254;2256;2257;2260;2275;2276;2277;2278;2284;2285;2287;2288;2290;2291;2292;2293;2296;2298
org/eclipse/collections/impl/map/mutable,AbstractMutableMap.java,66
org/eclipse/collections/impl/collection/mutable,AbstractMutableCollection.java,48
org/eclipse/collections/impl/utility,Iterate.java,2204;2208;2210;2224
org/eclipse/collections/impl/map,AbstractMapIterable.java,28
org/eclipse/collections/impl/list/mutable,AbstractMutableList.java,71;75
org/eclipse/collections/impl/list/mutable,FastList.java,120;121;125;132;133;137;138;171;197;198;200;202;240;241;246;375;393;394;395;478;479;480;1067;1069;1082;1086;1087;1242
org/eclipse/collections/impl/set,AbstractUnifiedSet.java,42;50;98;99;101;107;108;112;113
org/eclipse/collections/impl/utility/internal,InternalArrayIterate.java,172;173;174;175;179;183;187;191;195;201;203;206
org/eclipse/collections/impl/jmh,AggregateByTest.java,50;54;55;56;57;58;59;60;61;69;70;71;72;78;79;80;287;288;291;293;294;547;556;557;560;561;562;563;564;565;569;570;573;574;691;693;694;695;709;719;723;725;735;739;744;746;752;756;758;759;760;769;775;779;784;786;791;797
org/eclipse/collections/impl/block/procedure,NonMutatingAggregationProcedure.java,37;38;39;40;41;42;47;48;49
org/eclipse/collections/impl/jmh/runner,AbstractJMHTestRunner.java,21
