Package Name,Class Name,Covered Lines
org/eclipse/collections/impl,AbstractRichIterable.java,96
org/eclipse/collections/impl/list/immutable/primitive,ImmutableIntListFactoryImpl.java,25;27
org/eclipse/collections/impl/factory/primitive,IntLists.java,27;28
org/eclipse/collections/impl/list/mutable/primitive,IntArrayList.java,64;65;69;72;73;76;77;78;123;219;220;224;225;226;231;232;237;238;240;241;243;247;249;253;255;260;262;264;265;266;283;285;289;290;291;298;299;300;301;302;833;834;835
org/eclipse/collections/impl/list/mutable/primitive,MutableIntListFactoryImpl.java,26;28;33
org/eclipse/collections/impl/jmh/jmh_generated,IntListJMHTest_filterJDKIntStreamParallelToEC_jmhTest.java,36;283;284;285;286;287;288;290;291;293;296;297;298;299;300;302;303;305;306;307;308;309;310;316;317;318;319;320;322;323;324;330;331;332;333;334;335;337
org/eclipse/collections/impl/jmh/jmh_generated,IntListJMHTest_jmhType_B1.java,3
org/eclipse/collections/impl/jmh/jmh_generated,IntListJMHTest_jmhType_B3.java,2
org/eclipse/collections/impl/jmh/jmh_generated,IntListJMHTest_jmhType.java,2
org/eclipse/collections/impl/jmh/jmh_generated,IntListJMHTest_jmhType_B2.java,3;6;7;11;12;16;17
org/eclipse/collections/impl/primitive,AbstractIntIterable.java,29
org/eclipse/collections/impl/collection/mutable,AbstractMutableCollection.java,48
org/eclipse/collections/impl/list/mutable,AbstractMutableList.java,71;75
org/eclipse/collections/impl/list/mutable,FastList.java,120;121;125;132;133;137;138;171;197;198;200;202;375;478;479;480;842;1082;1086;1087
org/eclipse/collections/impl/utility/internal,InternalArrayIterate.java,1318;1320;1322
org/eclipse/collections/impl/jmh,IntListJMHTest.java,48;70;71;72;73;74;75;76;77;175;176;177;178
