Package Name,Class Name,Covered Lines
org/eclipse/collections/impl/set/mutable,UnifiedSet.java,69;70;97;98;99;107;108;112;116;120;121;122;126;127;128;194;195;197;199;205;211;212;219;220;221;222;244;245;246;248;249;251;253;255;257;264;265;327;328;329;331;333;339;340;341;342;344;346;347;349;352;354;356;360;361;363;378;379;381;384;474;475;479;481;482;486;488;491;1051;1056;1057;1058;1060;1062;1063;1065;1067;1072;1077;1087;1269;1823;1824;1825;1826;2025;2330;2335;2339;2344
org/eclipse/collections/impl,AbstractRichIterable.java,96;561;562;645;646
org/eclipse/collections/impl/list,IntervalUtils.java,26;27;28;32;33;40;44;48;52;56;57;88;90;92;93;95
org/eclipse/collections/impl/list,Interval.java,69;70;71;72;73;74;160;168;303;304;769;799;802;804;809;811;819;821;822;823;892;893;898;902;906
org/eclipse/collections/impl/jmh/jmh_generated,GroupBySetTest_jmhType.java,2
org/eclipse/collections/impl/jmh/jmh_generated,GroupBySetTest_jmhType_B1.java,3
org/eclipse/collections/impl/jmh/jmh_generated,GroupBySetTest_jmhType_B2.java,3;6;7;11;12;16;17
org/eclipse/collections/impl/jmh/jmh_generated,GroupBySetTest_groupBy_2_keys_serial_eager_ec_jmhTest.java,36;286;287;288;289;290;291;293;294;296;299;300;301;302;303;305;306;307;309;310;311;312;313;314;320;321;322;323;324;326;327;328;334;335;336;337;338;339;341
org/eclipse/collections/impl/jmh/jmh_generated,GroupBySetTest_jmhType_B3.java,2
org/eclipse/collections/impl/map/mutable,AbstractMutableMapIterable.java,41
org/eclipse/collections/impl/map/mutable,MutableMapFactoryImpl.java,20;22;28
org/eclipse/collections/impl/map/mutable,UnifiedMap.java,70;71;91;92;122;127;128;129;173;301;302;304;309;310;314;315;322;323;324;325;737;738;740;742;743;744;745;749;751;753;1328;3310;3314;3319
org/eclipse/collections/impl/map/mutable,AbstractMutableMap.java,66
org/eclipse/collections/impl/collection/mutable,AbstractMutableCollection.java,48;199
org/eclipse/collections/impl/utility,Iterate.java,3208;3210
org/eclipse/collections/impl/map,AbstractMapIterable.java,28
org/eclipse/collections/impl/set,AbstractUnifiedSet.java,42;50;87;88;90;93;98;99;101;107;108;112;113
org/eclipse/collections/impl/map/immutable,ImmutableMapFactoryImpl.java,19;21
org/eclipse/collections/impl/multimap,AbstractMutableMultimap.java,41;42;43;107;108;149;163;165;167;168;328
org/eclipse/collections/impl/multimap,AbstractMultimap.java,32;52
org/eclipse/collections/impl/map/fixed,EmptyMap.java,34
org/eclipse/collections/impl/map/fixed,AbstractMemoryEfficientMutableMap.java,29
org/eclipse/collections/impl/map/fixed,FixedSizeMapFactoryImpl.java,18;20;22
org/eclipse/collections/impl/lazy,AbstractLazyIterable.java,82
org/eclipse/collections/impl/multimap/set,UnifiedSetMultimap.java,33;34;59;75;87
org/eclipse/collections/impl/multimap/set,AbstractMutableSetMultimap.java,30;31
org/eclipse/collections/impl/jmh,GroupBySetTest.java,51;55;56;64;65;71;72;73;371;372;373
org/eclipse/collections/impl/block/procedure,MultimapPutProcedure.java,31;32;33;34;40;46;47;48
org/eclipse/collections/impl/jmh/runner,AbstractJMHTestRunner.java,21
