Package Name,Class Name,Covered Lines
org/eclipse/collections/impl/set/mutable,MutableSetFactoryImpl.java,19;21;26
org/eclipse/collections/impl/set/mutable,AbstractMutableSet.java,38
org/eclipse/collections/impl/set/mutable,UnifiedSet.java,69;70;97;98;99;153;205;211;212;219;220;221;222;244;245;246;248;249;251;253;255;257;264;265;267;270;274;283;287;289;290;294;296;300;305;307;308;312;327;328;329;331;333;339;340;341;342;344;346;347;349;352;354;356;360;361;363;365;366;368;373;378;379;381;384;1142;1144;1145;1149;1151;1153;1155;1156;1157;1164;1166;1167;1169;1171;1172;1174;1178;1180;1181;1182;1269;1823;1824;1825;1826;1936;1940;1942;1943;1944;1946;1948;1949;1950;1952;1954;1955;1956;1958;1959;2330;2335;2339;2344
org/eclipse/collections/impl/set/mutable,MultiReaderMutableSetFactory.java,19;21
org/eclipse/collections/impl,AbstractRichIterable.java,96;143;305;306;561;562
org/eclipse/collections/impl/list,IntervalUtils.java,26;27;28;32;33;40;44;48;52;56;57
org/eclipse/collections/impl/list,Interval.java,69;70;71;72;73;74;140;148;152;303;304;386;387;389;391;401;406;407;429;769;775;776;777
org/eclipse/collections/impl/lazy/parallel,AbstractParallelIterable.java,72;134;135;136;138;142;143;151;161;163
org/eclipse/collections/impl/lazy/parallel,AbstractBatch.java,32
org/eclipse/collections/impl/jmh/jmh_generated,AllSatisfyTest_jmhType_B3.java,2
org/eclipse/collections/impl/jmh/jmh_generated,AllSatisfyTest_jmhType_B1.java,3
org/eclipse/collections/impl/jmh/jmh_generated,AllSatisfyTest_jmhType.java,2
org/eclipse/collections/impl/jmh/jmh_generated,AllSatisfyTest_jmhType_B2.java,3;6;7;11;12;16;17
org/eclipse/collections/impl/jmh/jmh_generated,AllSatisfyTest_process_all_parallel_lazy_ec_jmhTest.java,36;286;287;288;289;290;291;293;294;296;299;300;301;302;303;305;306;307;309;310;311;312;313;314;320;321;322;323;324;326;327;328;334;335;336;337;338;339;341
org/eclipse/collections/impl/lazy/parallel/list,ListIterableBatch.java,30;31;32;33;34;75;77;82
org/eclipse/collections/impl/lazy/parallel/list,ListIterableParallelIterable.java,36;37;41;45;49;50;51;52;57;63;81;128;131;138;144;145;146;147;148;158;164;166;167;168;173
org/eclipse/collections/impl/lazy/parallel/list,AbstractParallelListIterable.java,27
org/eclipse/collections/impl/set/fixed,AbstractMemoryEfficientMutableSet.java,27
org/eclipse/collections/impl/set/fixed,EmptySet.java,34
org/eclipse/collections/impl/set/fixed,FixedSizeSetFactoryImpl.java,22;24;26
org/eclipse/collections/impl/collection/mutable,AbstractMutableCollection.java,48
org/eclipse/collections/impl/utility,Iterate.java,3242;3246;3248
org/eclipse/collections/impl/list/mutable,AbstractMutableList.java,71;75;922
org/eclipse/collections/impl/list/mutable,FastList.java,120;121;125;142;143;146;147;148;149;176;187;1067;1069;1242
org/eclipse/collections/impl/set,AbstractUnifiedSet.java,42;50;98;99;101;107;108;112;113
org/eclipse/collections/impl/lazy,AbstractLazyIterable.java,82
org/eclipse/collections/impl/jmh,AllSatisfyTest.java,35;39;40;47;48;53;54;55;138;139
org/eclipse/collections/impl/block/procedure,CollectProcedure.java,29;30;31;32;37;38;39
org/eclipse/collections/impl/jmh/runner,AbstractJMHTestRunner.java,21
org/eclipse/collections/impl/set/immutable,ImmutableSetFactoryImpl.java,19;21
