Package Name,Class Name,Covered Lines
org/eclipse/collections/impl/set/mutable,UnifiedSet.java,69;70;97;98;99;153;205;211;212;219;220;221;222;244;245;246;248;249;253;255;257;264;265;267;270;274;283;287;289;290;294;296;300;305;307;308;312;314;318;319;323;327;328;329;333;339;340;341;342;344;346;347;349;352;354;356;360;361;363;365;366;368;370;371;373;378;379;381;384;1823;1824;1825;1826;2100;2101;2103;2105;2106;2108;2110;2113;2115;2117;2122;2123;2125;2128;2130;2132;2141;2143;2145;2147;2148;2150;2152;2154;2156;2158;2160;2161;2163;2165;2166;2168;2170;2172;2174;2176;2177;2181;2185;2186;2187;2189;2191;2330;2335;2339;2344
org/eclipse/collections/impl,AbstractRichIterable.java,96;143
org/eclipse/collections/impl/block/factory,Functions0.java,34;35;36;37;38;39;40;41;42;43;44;45;153;276
org/eclipse/collections/impl/jmh/jmh_generated,SumByBigDecimalTest_sumByBigDecimalCategory_parallel_eager_ec_jmhTest.java,36;283;284;285;286;287;288;290;291;293;296;297;298;299;300;302;303;305;306;307;308;309;310;316;317;318;319;320;322;323;324;330;331;332;333;334;336
org/eclipse/collections/impl/jmh/jmh_generated,SumByBigDecimalTest_jmhType.java,2
org/eclipse/collections/impl/jmh/jmh_generated,SumByBigDecimalTest_jmhType_B2.java,3;6;7;11;12;16;17
org/eclipse/collections/impl/jmh/jmh_generated,SumByBigDecimalTest_jmhType_B1.java,3
org/eclipse/collections/impl/jmh/jmh_generated,SumByBigDecimalTest_jmhType_B3.java,2
org/eclipse/collections/impl/parallel,AbstractProcedureCombiner.java,21;22;23;28
org/eclipse/collections/impl/parallel,CollectionsThreadFactory.java,20;22;25;26;27;28;29;30;31;32;37;38;39;43
org/eclipse/collections/impl/parallel,BatchIterableProcedureFJTaskRunner.java,24;33;34;35;36;38;39;46;50;51;53;55;56;58;67;69;75;79;80;81;86;87;93;95;96;98;99;101;110;111;115;119;121
org/eclipse/collections/impl/parallel,ParallelIterate.java,72;74;75;379;380;413;415;417;447;488;489;504;505;507;509;596;598;605;1283;1284;1290;1320;1337;1342;1347;1352;1613;1618;1619;1620;1621;1626;1627;1631;1637;1647;1648;1649;1654;1656;1660;1662
org/eclipse/collections/impl/parallel,BatchIterableProcedureFJTask.java,33;34;35;36;37;38;39;46;47;55;57;61
org/eclipse/collections/impl/map/mutable,AbstractMutableMapIterable.java,41
org/eclipse/collections/impl/map/mutable,MutableMapFactoryImpl.java,20;22;28
org/eclipse/collections/impl/map/mutable,UnifiedMap.java,70;71;91;92;122;127;128;129;173;301;302;304;309;310;314;315;322;323;324;325;347;348;349;351;352;353;355;357;420;421;422;424;425;426;427;428;430;432;433;434;435;437;442;444;445;447;458;460;461;462;463;478;479;480;481;482;483;484;485;486;488;490;852;853;854;855;857;859;860;862;863;865;867;870;871;873;876;990;992;993;997;999;1002;1192;1198;1200;1216;1234;1236;1237;1241;1243;1246;3305;3310;3314;3319
org/eclipse/collections/impl/map/mutable,AbstractMutableMap.java,66
org/eclipse/collections/impl/jmh/domain,Product.java,22;23;24;25;26;35;40;46;50;55;57;62;68
org/eclipse/collections/impl/jmh/domain,Position.java,22;23;24;25;26;40;55
org/eclipse/collections/impl/jmh/domain,Account.java,18;19;20;30;34;39;41;47
org/eclipse/collections/impl/jmh/domain,Positions.java,26;27;28;29;30;31;38;39;42;43;44;45;49;50;51;56;57;58;59;60;61;66
org/eclipse/collections/impl/collection/mutable,AbstractMutableCollection.java,48
org/eclipse/collections/impl/utility,Iterate.java,2204;2208;2210;2224
org/eclipse/collections/impl/map,AbstractMapIterable.java,28
org/eclipse/collections/impl/list/mutable,AbstractMutableList.java,71;75
org/eclipse/collections/impl/list/mutable,FastList.java,120;121;125;132;133;137;138;171;197;198;200;202;240;241;246;375;393;394;395;478;479;480;1067;1069;1082;1086;1087;1242
org/eclipse/collections/impl/set,AbstractUnifiedSet.java,42;50;98;99;101;107;108;112;113
org/eclipse/collections/impl/map/immutable,ImmutableMapFactoryImpl.java,19;21
org/eclipse/collections/impl/utility/internal,InternalArrayIterate.java,172;173;174;175;179;183;187;191;195;201;203;206
org/eclipse/collections/impl/map/fixed,EmptyMap.java,34
org/eclipse/collections/impl/map/fixed,AbstractMemoryEfficientMutableMap.java,29
org/eclipse/collections/impl/map/fixed,FixedSizeMapFactoryImpl.java,18;20;22
org/eclipse/collections/impl/jmh,SumByBigDecimalTest.java,36;38;89
org/eclipse/collections/impl/jmh/runner,AbstractJMHTestRunner.java,21
