Package Name,Class Name,Covered Lines
org/eclipse/collections/impl,SpreadFunctions.java,43;44;45;46;47;48;49;54;55;56;57;58;59;60;77;82
org/eclipse/collections/impl/map/mutable/primitive,LongIntHashMap.java,86;87;88;101;102;104;105;106;110;111;112;119;143;353;359;365;366;367;373;375;427;436;445;446;448;450;455;456;767;771;775;776;777;778;780;782;786;790;791;792;793;794;1206;1207;1208;1212;1213;1217;1218;1219;1220;1221;1222;1224;1226;1228;1231;1236;1237;1239;1241;1244;1245;1247;1248;1249;1251;1253;1255;1257;1259;1262;1267;1268;1270;1271;1272;1274;1276;1278;1280;1282;1285;1290;1291;1295;1296;1297;1299;1301;1303;1305;1307;1309;1321;1322;1327;1332;1333;1334;1338;1343;1348;1359
org/eclipse/collections/impl/map/mutable/primitive,AbstractMutableIntValuesMap.java,49
org/eclipse/collections/impl/jmh/jmh_generated,LongIntMapTest_remove_jmhTest.java,36;283;284;285;286;287;288;290;291;293;296;297;298;299;300;302;303;305;306;307;308;309;310;316;317;318;319;320;322;323;324;330;331;332;333;335;336;337;338;339;340;341;342;344
org/eclipse/collections/impl/jmh/jmh_generated,LongIntMapTest_jmhType_B3.java,2
org/eclipse/collections/impl/jmh/jmh_generated,LongIntMapTest_jmhType_B1.java,3
org/eclipse/collections/impl/jmh/jmh_generated,LongIntMapTest_jmhType.java,2
org/eclipse/collections/impl/jmh/jmh_generated,LongIntMapTest_jmhType_B2.java,3;6;7;11;12;16;17
org/eclipse/collections/impl/primitive,AbstractIntIterable.java,29
org/eclipse/collections/impl/jmh,LongIntMapTest.java,34;47;48;50;53;55;56;57;59;61;63;67;71;73;74;76;79;80;84;85;86;87;138;140;141;143;146;162;164;166
org/eclipse/collections/impl/jmh/runner,AbstractJMHTestRunner.java,21
