Package Name,Class Name,Covered Lines
org/eclipse/collections/impl,AbstractRichIterable.java,96
org/eclipse/collections/impl/list/immutable/primitive,ImmutableIntListFactoryImpl.java,25;27
org/eclipse/collections/impl/list/mutable/primitive,IntArrayList.java,64;65;69;76;77;78;260;264;265;266
org/eclipse/collections/impl/list/mutable/primitive,MutableIntListFactoryImpl.java,26;28;51
org/eclipse/collections/impl/jmh/jmh_generated,SumOfIntTest_jmhType_B1.java,3
org/eclipse/collections/impl/jmh/jmh_generated,SumOfIntTest_jmhType_B2.java,3;6;7;11;12;16;17
org/eclipse/collections/impl/jmh/jmh_generated,SumOfIntTest_parallel_lazy_mapToLongSum_streams_ec_jmhTest.java,36;286;287;288;289;290;291;293;294;296;299;300;301;302;303;305;306;307;309;310;311;312;313;314;320;321;322;323;324;326;327;328;334;335;336;337;338;339;341
org/eclipse/collections/impl/jmh/jmh_generated,SumOfIntTest_jmhType.java,2
org/eclipse/collections/impl/jmh/jmh_generated,SumOfIntTest_jmhType_B3.java,2
org/eclipse/collections/impl/primitive,AbstractIntIterable.java,29
org/eclipse/collections/impl/collection/mutable,AbstractMutableCollection.java,48
org/eclipse/collections/impl/list/mutable,AbstractMutableList.java,71;75
org/eclipse/collections/impl/list/mutable,FastList.java,120;121;125;142;143;146;147;148;149;187;393;394;395;416;842;1067;1069;1242
org/eclipse/collections/impl/utility/internal,InternalArrayIterate.java,1318;1320;1322
org/eclipse/collections/impl/jmh,SumOfIntTest.java,38;42;44;45;46;53;54;55;56;61;62;63;110
org/eclipse/collections/impl/jmh/runner,AbstractJMHTestRunner.java,21
