Package Name,Class Name,Covered Lines
org/eclipse/collections/impl/set/mutable,MutableSetFactoryImpl.java,19;21;33
org/eclipse/collections/impl/set/mutable,AbstractMutableSet.java,38
org/eclipse/collections/impl/set/mutable,UnifiedSet.java,69;70;103;104;107;108;112;116;120;121;122;126;127;128;158;194;195;197;199;205;211;212;219;220;221;222;244;245;246;248;249;251;253;255;257;264;265;267;270;274;283;287;289;290;292;294;296;300;305;307;308;310;312;314;318;319;321;323;327;328;329;331;333;339;340;341;342;344;346;347;349;352;354;356;360;361;363;365;366;368;370;371;373;378;379;381;384;479;481;482;486;488;491;1051;1056;1057;1058;1060;1062;1063;1065;1067;1072;1077;1087;1269;1823;1824;1825;1826;2330;2335;2339;2344;2351;2355;2359;2368;2369;2370;2371;2376;2377;2422;2423;2424;2425;2430;2442;2448;2449;2483;2490;2496;2497;2498;2499;2500;2510;2516;2518;2519;2520;2525
org/eclipse/collections/impl/set/mutable,MultiReaderMutableSetFactory.java,19;21
org/eclipse/collections/impl,AbstractRichIterable.java,96;143;149;150;151;388;561;562;567;568
org/eclipse/collections/impl/block/function/primitive,IntegerFunctionImpl.java,21
org/eclipse/collections/impl/block/factory,Functions.java,50;51;52;54;55;56;57;58;59;60;61;62;63;64;65;66;67;68;69;457;833;1138;1139;1140;1141;1146;1147
org/eclipse/collections/impl/block/factory,Procedures2.java,35;36;85;157;158
org/eclipse/collections/impl/block/factory,Procedures.java,136;246;247;248;249;254;255
org/eclipse/collections/impl/list,IntervalUtils.java,26;27;28;32;33;40;44;48;52;56;57;88;90;92;93;95
org/eclipse/collections/impl/list,Interval.java,69;70;71;72;73;74;160;168;303;304;769;799;802;804;809;811;819;821;822;823;892;893;898;902;906
org/eclipse/collections/impl/lazy/parallel/set,AbstractParallelUnsortedSetIterable.java,28;99;100;101;102;103;104
org/eclipse/collections/impl/lazy/parallel,AbstractParallelIterable.java,72;76;77;79;80;84;94;95;96
org/eclipse/collections/impl/lazy/parallel,AbstractBatch.java,32
org/eclipse/collections/impl/jmh/jmh_generated,GroupBySetTest_jmhType.java,2
org/eclipse/collections/impl/jmh/jmh_generated,GroupBySetTest_jmhType_B1.java,3
org/eclipse/collections/impl/jmh/jmh_generated,GroupBySetTest_jmhType_B2.java,3;6;7;11;12;16;17
org/eclipse/collections/impl/jmh/jmh_generated,GroupBySetTest_groupBy_10000_keys_parallel_lazy_ec_jmhTest.java,36;286;287;288;289;290;291;293;294;296;299;300;301;302;303;305;306;307;309;310;311;312;313;314;320;321;322;323;324;326;327;328;334;335;336;337;338;339;341
org/eclipse/collections/impl/jmh/jmh_generated,GroupBySetTest_jmhType_B3.java,2
org/eclipse/collections/impl/list/immutable,ImmutableEmptyList.java,47;51;52
org/eclipse/collections/impl/list/immutable,ImmutableListFactoryImpl.java,23;25;30;248;250
org/eclipse/collections/impl/list/immutable,AbstractImmutableList.java,102
org/eclipse/collections/impl/set/fixed,AbstractMemoryEfficientMutableSet.java,27
org/eclipse/collections/impl/set/fixed,EmptySet.java,34
org/eclipse/collections/impl/set/fixed,FixedSizeSetFactoryImpl.java,22;24;26
org/eclipse/collections/impl/partition/list,PartitionFastList.java,18;20;21;26;32;38
org/eclipse/collections/impl/partition/list,PartitionImmutableListImpl.java,22;23;24;25;29;30
org/eclipse/collections/impl/map/mutable,AbstractMutableMapIterable.java,41
org/eclipse/collections/impl/map/mutable,ConcurrentHashMap.java,62;72;73;74;75;91;92;95;96;100;105;106;108;109;111;113;117;118;122;132;173;174;176;177;178;180;183;187;188;189;190;195;196;197;206;211;212;213;215;216;217;219;224;225;231;232;233;234;238;242;243;244;246;248;250;251;253;255;256;257;259;261;263;264;265;268;270;273;276;278;285;287;289;290;292;294;297;299;300;302;307;308;310;312;313;315;316;319;320;321;322;326;327;329;330;331;333;337;339;340;342;344;347;349;350;354;355;357;359;360;362;363;366;368;369;373;374;377;378;379;380;387;389;391;395;400;402;404;591;593;595;598;599;603;604;605;606;608;611;612;614;618;625;626;628;630;631;636;637;639;641;644;1809;1810;1811;1812;1813;1816;1817;1818;1819;1820;1825;1831;1842;1882;1883;1888;1889;1890;1891;1895;1896;1900;1901;1903;1905;1906;1908;1912;1917;1922;1924;1926;1931;1933;1935;1937;1940;1957;1966;1967;2099;2100;2101;2102;2105;2106;2107;2108;2110;2114;2115;2117;2118;2120;2122;2123;2124;2126;2127;2129;2130;2132;2133;2136
org/eclipse/collections/impl/map/mutable,AbstractMutableMap.java,66
org/eclipse/collections/impl/list/fixed,FixedSizeListFactoryImpl.java,19;21;23
org/eclipse/collections/impl/list/fixed,EmptyList.java,42
org/eclipse/collections/impl/list/fixed,AbstractMemoryEfficientMutableList.java,29
org/eclipse/collections/impl/collection/mutable,AbstractMutableCollection.java,48;199
org/eclipse/collections/impl/utility,Iterate.java,189;191;209;2204;2208;2210;3208;3210
org/eclipse/collections/impl/utility,LazyIterate.java,49;61;92
org/eclipse/collections/impl/map,AbstractMapIterable.java,28
org/eclipse/collections/impl/list/mutable,MutableListFactoryImpl.java,20;22;27
org/eclipse/collections/impl/list/mutable,MutableIterator.java,28;32;33;34;39;47;48;49
org/eclipse/collections/impl/list/mutable,AbstractMutableList.java,71;75;558
org/eclipse/collections/impl/list/mutable,MultiReaderMutableListFactory.java,20;22
org/eclipse/collections/impl/list/mutable,FastList.java,120;121;125;128;129;159;443;445;449;451;473;474;478;479;480;1067;1069;1082;1084;1086;1087;1129;1130;1242
org/eclipse/collections/impl/collection/immutable,AbstractImmutableCollection.java,50
org/eclipse/collections/impl/set,AbstractUnifiedSet.java,42;50;87;88;90;93;98;99;101;107;108;112;113
org/eclipse/collections/impl/multimap,AbstractSynchronizedPutMultimap.java,25;28;29;39;57;58;87;88;90;92;93;124
org/eclipse/collections/impl/multimap,AbstractMutableMultimap.java,41;42;43;149
org/eclipse/collections/impl/multimap,AbstractMultimap.java,32;52
org/eclipse/collections/impl/lazy,LazyIterableAdapter.java,37;38;39
org/eclipse/collections/impl/lazy,CollectIterable.java,41;42;43;44;61;62
org/eclipse/collections/impl/lazy,AbstractLazyIterable.java,82;197
org/eclipse/collections/impl/multimap/set,SynchronizedPutUnifiedSetMultimap.java,45;46;78;104
org/eclipse/collections/impl/block/function/checked,CheckedFunction.java,15
org/eclipse/collections/impl/jmh,GroupBySetTest.java,51;55;56;64;65;71;72;73;525;526;527
org/eclipse/collections/impl/jmh/runner,AbstractJMHTestRunner.java,21
org/eclipse/collections/impl/set/immutable,ImmutableSetFactoryImpl.java,19;21
