Package Name,Class Name,Covered Lines
org/eclipse/collections/impl,AbstractRichIterable.java,96
org/eclipse/collections/impl/list,IntervalUtils.java,26;27;28;32;33;40;44;48;52;56;57
org/eclipse/collections/impl/list,Interval.java,69;70;71;72;73;74;140;148;152;303;304;386;387;389;391;401;406;407;429;769;775;776;777
org/eclipse/collections/impl/jmh/jmh_generated,AnySatisfyTest_jmhType.java,2
org/eclipse/collections/impl/jmh/jmh_generated,AnySatisfyTest_jmhType_B1.java,3
org/eclipse/collections/impl/jmh/jmh_generated,AnySatisfyTest_process_all_parallel_lazy_streams_ec_jmhTest.java,36;286;287;288;289;290;291;293;294;296;299;300;301;302;303;305;306;307;309;310;311;312;313;314;320;321;322;323;324;326;327;328;334;335;336;337;338;339;341
org/eclipse/collections/impl/jmh/jmh_generated,AnySatisfyTest_jmhType_B3.java,2
org/eclipse/collections/impl/jmh/jmh_generated,AnySatisfyTest_jmhType_B2.java,3;6;7;11;12;16;17
org/eclipse/collections/impl/collection/mutable,AbstractMutableCollection.java,48
org/eclipse/collections/impl/utility,Iterate.java,3242;3246;3248
org/eclipse/collections/impl/list/mutable,AbstractMutableList.java,71;75
org/eclipse/collections/impl/list/mutable,FastList.java,120;121;125;142;143;146;147;148;149;176;187;416
org/eclipse/collections/impl/lazy,AbstractLazyIterable.java,82
org/eclipse/collections/impl/jmh,AnySatisfyTest.java,35;39;40;47;48;53;54;55;150;151
org/eclipse/collections/impl/jmh/runner,AbstractJMHTestRunner.java,21
