Package Name,Class Name,Covered Lines
org/eclipse/collections/impl/set/mutable,UnifiedSet.java,69;70;97;98;99;153;205;211;212;219;220;221;222;244;245;246;248;249;253;255;257;264;265;267;270;274;283;287;289;290;294;296;300;302;303;305;307;308;312;314;318;319;323;327;328;329;333;339;340;341;342;344;346;347;349;352;354;356;360;361;363;365;366;368;370;371;373;378;379;381;384;1823;1824;1825;1826;2100;2101;2103;2105;2106;2108;2110;2113;2115;2117;2122;2123;2125;2128;2130;2132;2141;2143;2145;2147;2148;2150;2152;2154;2156;2158;2160;2161;2163;2165;2166;2170;2172;2174;2176;2177;2181;2185;2186;2187;2189;2191;2330;2335;2339;2344
org/eclipse/collections/impl,AbstractRichIterable.java,96;143
org/eclipse/collections/impl/map/mutable/primitive,MutableObjectDoubleMapFactoryImpl.java,27;29;34
org/eclipse/collections/impl/map/mutable/primitive,ObjectDoubleHashMap.java,80;81;101;102;134;135;139;140;141;176;181;182;186;264;270;421;423;426;427;430;431;521;522;524;526;527;528;573;577;578;579;580;582;584;668;685;686;688;690;1199;1200;1201;1205;1206;1210;1211;1212;1213;1214;1215;1217;1219;1221;1224;1229;1231;1232;1237;1239;1242;1243;1249;1250;1251;1253;1260;1262;1264;1266;1277;1278;1279;1280;1285;1287;1292;1294;1296;1301;1302;1303;1307;1312;1317;1322;1327;1329
org/eclipse/collections/impl/jmh/jmh_generated,SumByDoubleTest_jmhType_B2.java,3;6;7;11;12;16;17
org/eclipse/collections/impl/jmh/jmh_generated,SumByDoubleTest_sumByAccount_parallel_eager_ec_jmhTest.java,36;283;284;285;286;287;288;290;291;293;296;297;298;299;300;302;303;305;306;307;308;309;310;316;317;318;319;320;322;323;324;330;331;332;333;334;336
org/eclipse/collections/impl/jmh/jmh_generated,SumByDoubleTest_jmhType_B1.java,3
org/eclipse/collections/impl/jmh/jmh_generated,SumByDoubleTest_jmhType_B3.java,2
org/eclipse/collections/impl/jmh/jmh_generated,SumByDoubleTest_jmhType.java,2
org/eclipse/collections/impl/parallel,AbstractProcedureCombiner.java,21;22;23;28
org/eclipse/collections/impl/parallel,CollectionsThreadFactory.java,20;22;25;26;27;28;29;30;31;32;37;38;39;43
org/eclipse/collections/impl/parallel,BatchIterableProcedureFJTaskRunner.java,24;33;34;35;36;38;39;46;50;51;53;55;56;58;67;69;75;79;80;81;86;87;93;95;96;98;99;101;110;111;115;119;121
org/eclipse/collections/impl/parallel,ParallelIterate.java,72;74;75;379;380;413;415;417;447;488;489;504;505;507;509;596;598;605;1220;1221;1227;1320;1337;1342;1347;1352;1357;1362;1363;1364;1365;1370;1371;1372;1373;1374;1375;1376;1377;1378;1379;1383;1389;1396;1400;1401;1402;1407;1409;1410;1411;1412;1416;1417;1418;1420;1421;1422;1423;1424;1426
org/eclipse/collections/impl/parallel,BatchIterableProcedureFJTask.java,33;34;35;36;37;38;39;46;47;55;57;61
org/eclipse/collections/impl/map/mutable,AbstractMutableMapIterable.java,41
org/eclipse/collections/impl/map/mutable,MutableMapFactoryImpl.java,20;22;28;34
org/eclipse/collections/impl/map/mutable,UnifiedMap.java,70;71;91;92;122;127;128;129;173;301;302;304;309;310;314;315;322;323;324;325;347;348;349;351;352;353;357;359;361;362;363;365;370;372;373;375;377;378;379;383;385;387;388;389;392;393;394;395;396;397;401;403;404;405;406;407;408;409;410;414;577;578;580;582;583;584;585;587;589;591;593;595;600;601;603;604;605;607;609;610;611;612;614;618;620;621;624;626;627;628;629;630;631;632;634;637;640;641;642;643;644;645;646;647;648;650;653;852;853;854;855;857;859;860;862;863;865;867;870;871;873;876;990;992;993;995;997;999;1002;1088;1090;1091;1093;1095;1097;3305;3310;3314;3319
org/eclipse/collections/impl/map/mutable,AbstractMutableMap.java,66
org/eclipse/collections/impl/jmh/domain,Product.java,22;23;24;25;26;35;46;50;55;57;68
org/eclipse/collections/impl/jmh/domain,Position.java,22;23;24;25;26;30;50
org/eclipse/collections/impl/jmh/domain,Account.java,18;19;20;30;34;39;41;47
org/eclipse/collections/impl/jmh/domain,Positions.java,26;27;28;29;30;31;38;39;42;43;44;45;49;50;51;56;57;58;59;60;61;66
org/eclipse/collections/impl/collection/mutable,AbstractMutableCollection.java,48
org/eclipse/collections/impl/map/immutable/primitive,ImmutableObjectDoubleMapFactoryImpl.java,27;29
org/eclipse/collections/impl/utility,Iterate.java,2204;2208;2210;2224
org/eclipse/collections/impl/map,AbstractMapIterable.java,28
org/eclipse/collections/impl/list/mutable,AbstractMutableList.java,71;75
org/eclipse/collections/impl/list/mutable,FastList.java,120;121;125;132;133;137;138;171;197;198;200;202;240;241;246;375;393;394;395;478;479;480;1067;1069;1082;1086;1087;1242
org/eclipse/collections/impl/set,AbstractUnifiedSet.java,42;50;98;99;101;107;108;112;113
org/eclipse/collections/impl/map/immutable,ImmutableMapFactoryImpl.java,19;21
org/eclipse/collections/impl/utility/internal,InternalArrayIterate.java,172;173;174;175;179;183;187;191;195;201;203;206
org/eclipse/collections/impl/map/fixed,EmptyMap.java,34
org/eclipse/collections/impl/map/fixed,AbstractMemoryEfficientMutableMap.java,29
org/eclipse/collections/impl/map/fixed,FixedSizeMapFactoryImpl.java,18;20;22
org/eclipse/collections/impl/jmh,SumByDoubleTest.java,36;38;181
org/eclipse/collections/impl/tuple/primitive,PrimitiveTuples.java,276
org/eclipse/collections/impl/tuple/primitive,DoubleDoublePairImpl.java,26;27;28;29;34;40
org/eclipse/collections/impl/jmh/runner,AbstractJMHTestRunner.java,21
