Package Name,Class Name,Covered Lines
org/eclipse/collections/impl,AbstractRichIterable.java,96;561;562
org/eclipse/collections/impl/list,IntervalUtils.java,26;27;28;32;33;40;44;48;52;56;57
org/eclipse/collections/impl/list,Interval.java,69;70;71;72;73;74;140;148;152;303;304;386;387;389;391;401;406;407;429;440;442;444;454;459;460;769;775;776;777;929;930;931
org/eclipse/collections/impl/jmh/jmh_generated,ListEqualTest_ec_jmhTest.java,36;283;284;285;286;287;288;290;291;293;296;297;298;299;300;302;303;305;306;307;308;309;310;316;317;318;319;320;322;323;324;330;331;332;333;334;336
org/eclipse/collections/impl/jmh/jmh_generated,ListEqualTest_jmhType_B2.java,3;6;7;11;12;16;17
org/eclipse/collections/impl/jmh/jmh_generated,ListEqualTest_jmhType_B3.java,2
org/eclipse/collections/impl/jmh/jmh_generated,ListEqualTest_jmhType_B1.java,3
org/eclipse/collections/impl/jmh/jmh_generated,ListEqualTest_jmhType.java,2
org/eclipse/collections/impl/collection/mutable,AbstractMutableCollection.java,48
org/eclipse/collections/impl/list/mutable,AbstractMutableList.java,71;75
org/eclipse/collections/impl/list/mutable,FastList.java,120;121;125;132;133;137;138;171;1082;1086;1087;1556;1558;1560;1564;1566;1568;1573;1575;1577;1579;1584
org/eclipse/collections/impl/utility/internal,InternalArrayIterate.java,94;96;98;100;107;109;114
org/eclipse/collections/impl/lazy,AbstractLazyIterable.java,82
org/eclipse/collections/impl/jmh,ListEqualTest.java,30;33;34;35;36;37;38;68;72;76;80;84;88
org/eclipse/collections/impl/block/procedure,CollectionAddProcedure.java,27;28;29;33;39;40
org/eclipse/collections/impl/jmh/runner,AbstractJMHTestRunner.java,21
