Package Name,Class Name,Covered Lines
org/eclipse/collections/impl,AbstractRichIterable.java,96
org/eclipse/collections/impl/jmh/map,EcImmutableMapGetTest.java,33;48;49;51;52;54;55;56;59;60;65;66;67;69;71;76
org/eclipse/collections/impl/map/mutable,AbstractMutableMapIterable.java,41
org/eclipse/collections/impl/map/mutable,MutableMapFactoryImpl.java,20;22
org/eclipse/collections/impl/map/mutable,UnifiedMap.java,70;71;91;92;122;133;134;137;138;142;146;151;152;153;157;159;160;178;188;280;281;283;285;290;291;293;296;301;302;304;309;310;314;315;322;323;324;325;347;348;349;351;352;353;357;359;361;362;363;365;370;372;373;375;377;378;379;383;385;387;388;389;392;393;394;395;396;397;401;403;404;405;406;407;408;409;410;414;881;882;883;885;886;888;890;892;900;902;903;907;909;1192;1198;1200;1216;1234;1236;1237;1239;1241;1243;1246;1250;1252;1253;1255;1257;1259;1328;3305;3310;3314;3319;3325
org/eclipse/collections/impl/map/mutable,AbstractMutableMap.java,66
org/eclipse/collections/impl/jmh/map/jmh_generated,EcImmutableMapGetTest_jmhType_B2.java,3;6;7;11;12;16;17
org/eclipse/collections/impl/jmh/map/jmh_generated,EcImmutableMapGetTest_jmhType_B3.java,2
org/eclipse/collections/impl/jmh/map/jmh_generated,EcImmutableMapGetTest_jmhType_B1.java,3
org/eclipse/collections/impl/jmh/map/jmh_generated,EcImmutableMapGetTest_jmhType.java,2
org/eclipse/collections/impl/jmh/map/jmh_generated,EcImmutableMapGetTest_get_jmhTest.java,36;283;284;285;286;287;288;290;291;293;296;297;298;299;300;302;303;305;306;307;308;309;310;316;317;318;319;320;322;323;324;330;331;332;333;335;336;337;338;339;341
org/eclipse/collections/impl/map,AbstractMapIterable.java,28
org/eclipse/collections/impl/map/immutable,ImmutableUnifiedMap.java,41;42;43;89
org/eclipse/collections/impl/map/immutable,ImmutableMapFactoryImpl.java,19;21;153;158;160
org/eclipse/collections/impl/map/immutable,AbstractImmutableMap.java,91
org/eclipse/collections/impl/map/fixed,EmptyMap.java,34
org/eclipse/collections/impl/map/fixed,AbstractMemoryEfficientMutableMap.java,29
org/eclipse/collections/impl/map/fixed,FixedSizeMapFactoryImpl.java,18;20;22
org/eclipse/collections/impl/jmh/runner,AbstractJMHTestRunner.java,21
