Package Name,Class Name,Covered Lines
org/eclipse/collections/impl,AbstractRichIterable.java,96;143;388;523;524;525;561;562
org/eclipse/collections/impl/list/mutable/primitive,IntArrayList.java,64;65;69;76;77;78;260;264;265;266;833;834;835
org/eclipse/collections/impl/jmh/jmh_generated,IntListJMHTest_jmhType_B1.java,3
org/eclipse/collections/impl/jmh/jmh_generated,IntListJMHTest_jmhType_B3.java,2
org/eclipse/collections/impl/jmh/jmh_generated,IntListJMHTest_jmhType.java,2
org/eclipse/collections/impl/jmh/jmh_generated,IntListJMHTest_filterMapSumECBoxedLazy_jmhTest.java,36;283;284;285;286;287;288;290;291;293;296;297;298;299;300;302;303;305;306;307;308;309;310;316;317;318;319;320;322;323;324;330;331;332;333;334;335;337
org/eclipse/collections/impl/jmh/jmh_generated,IntListJMHTest_jmhType_B2.java,3;6;7;11;12;16;17
org/eclipse/collections/impl/list/immutable,ImmutableEmptyList.java,47;51;52
org/eclipse/collections/impl/list/immutable,ImmutableListFactoryImpl.java,23;25;30;248;250
org/eclipse/collections/impl/list/immutable,AbstractImmutableList.java,102
org/eclipse/collections/impl/primitive,AbstractIntIterable.java,29
org/eclipse/collections/impl/partition/list,PartitionFastList.java,18;20;21;26;32;38
org/eclipse/collections/impl/partition/list,PartitionImmutableListImpl.java,22;23;24;25;29;30
org/eclipse/collections/impl/list/fixed,FixedSizeListFactoryImpl.java,19;21;23
org/eclipse/collections/impl/list/fixed,EmptyList.java,42
org/eclipse/collections/impl/list/fixed,AbstractMemoryEfficientMutableList.java,29
org/eclipse/collections/impl/collection/mutable,AbstractMutableCollection.java,48
org/eclipse/collections/impl/utility,Iterate.java,130;132;154;2204;2208;2210
org/eclipse/collections/impl/utility,LazyIterate.java,49;61;69
org/eclipse/collections/impl/list/mutable,MutableListFactoryImpl.java,20;22
org/eclipse/collections/impl/list/mutable,AbstractMutableList.java,71;75
org/eclipse/collections/impl/list/mutable,MultiReaderMutableListFactory.java,20;22
org/eclipse/collections/impl/list/mutable,FastList.java,120;121;125;128;129;132;133;137;138;159;171;197;198;200;202;375;478;479;480;594;596;598;842;1082;1086;1087;1242
org/eclipse/collections/impl/collection/immutable,AbstractImmutableCollection.java,50
org/eclipse/collections/impl/utility/internal,InternalArrayIterate.java,1318;1320;1322
org/eclipse/collections/impl/lazy,LazyIterableAdapter.java,37;38;39;75
org/eclipse/collections/impl/lazy,SelectIterable.java,37;38;39;40;45;46
org/eclipse/collections/impl/lazy,AbstractLazyIterable.java,82
org/eclipse/collections/impl/jmh,IntListJMHTest.java,48;70;71;72;73;74;75;76;77;195;196;197;198
org/eclipse/collections/impl/block/procedure,IfProcedure.java,33;34;35;36;37;41;42;47;49;53;58
org/eclipse/collections/impl/block/procedure,SumOfIntProcedure.java,29;30;31;35;41;42
