Package Name,Class Name,Covered Lines
org/eclipse/collections/impl,AbstractRichIterable.java,96;143;388;561;562;645;646
org/eclipse/collections/impl/multimap/list,FastListMultimap.java,40;41;42;76;97;109
org/eclipse/collections/impl/multimap/list,AbstractMutableListMultimap.java,29;30
org/eclipse/collections/impl/list,IntervalUtils.java,26;27;28;32;33;40;44;48;52;56;57
org/eclipse/collections/impl/list,Interval.java,69;70;71;72;73;74;140;148;152;303;304;386;387;389;391;401;406;407;429;440;442;444;454;459;460;769;775;776;777;929;930;931
org/eclipse/collections/impl/jmh/jmh_generated,GroupByListTest_jmhType_B1.java,3
org/eclipse/collections/impl/jmh/jmh_generated,GroupByListTest_jmhType_B2.java,3;6;7;11;12;16;17
org/eclipse/collections/impl/jmh/jmh_generated,GroupByListTest_groupBy_10000_keys_serial_lazy_ec_jmhTest.java,36;283;284;285;286;287;288;290;291;293;296;297;298;299;300;302;303;305;306;307;308;309;310;316;317;318;319;320;322;323;324;330;331;332;333;334;336
org/eclipse/collections/impl/jmh/jmh_generated,GroupByListTest_jmhType.java,2
org/eclipse/collections/impl/jmh/jmh_generated,GroupByListTest_jmhType_B3.java,2
org/eclipse/collections/impl/list/immutable,ImmutableEmptyList.java,47;51;52
org/eclipse/collections/impl/list/immutable,ImmutableListFactoryImpl.java,23;25;30;248;250
org/eclipse/collections/impl/list/immutable,AbstractImmutableList.java,102
org/eclipse/collections/impl/partition/list,PartitionFastList.java,18;20;21;26;32;38
org/eclipse/collections/impl/partition/list,PartitionImmutableListImpl.java,22;23;24;25;29;30
org/eclipse/collections/impl/map/mutable,AbstractMutableMapIterable.java,41
org/eclipse/collections/impl/map/mutable,MutableMapFactoryImpl.java,20;22;28
org/eclipse/collections/impl/map/mutable,UnifiedMap.java,70;71;91;92;122;127;128;129;173;301;302;304;309;310;314;315;322;323;324;325;347;348;349;351;352;353;357;737;738;740;742;743;744;745;747;749;751;753;852;853;854;855;857;859;860;871;873;876;1328;3305;3310;3314;3319
org/eclipse/collections/impl/map/mutable,AbstractMutableMap.java,66
org/eclipse/collections/impl/list/fixed,FixedSizeListFactoryImpl.java,19;21;23
org/eclipse/collections/impl/list/fixed,EmptyList.java,42
org/eclipse/collections/impl/list/fixed,AbstractMemoryEfficientMutableList.java,29
org/eclipse/collections/impl/collection/mutable,AbstractMutableCollection.java,48
org/eclipse/collections/impl/utility,Iterate.java,130;132;154;2204;2208;2210
org/eclipse/collections/impl/utility,LazyIterate.java,49;61
org/eclipse/collections/impl/map,AbstractMapIterable.java,28
org/eclipse/collections/impl/list/mutable,MutableListFactoryImpl.java,20;22;45;51
org/eclipse/collections/impl/list/mutable,AbstractMutableList.java,71;75
org/eclipse/collections/impl/list/mutable,MultiReaderMutableListFactory.java,20;22
org/eclipse/collections/impl/list/mutable,FastList.java,120;121;125;128;129;132;133;137;138;159;171;443;449;451;473;474;478;479;480;594;596;598;1082;1084;1086;1087;1129;1130;1242
org/eclipse/collections/impl/collection/immutable,AbstractImmutableCollection.java,50
org/eclipse/collections/impl/map/immutable,ImmutableMapFactoryImpl.java,19;21
org/eclipse/collections/impl/multimap,AbstractMutableMultimap.java,41;42;43;107;108;149;163;165;167;168;328
org/eclipse/collections/impl/multimap,AbstractMultimap.java,32;52
org/eclipse/collections/impl/map/fixed,EmptyMap.java,34
org/eclipse/collections/impl/map/fixed,AbstractMemoryEfficientMutableMap.java,29
org/eclipse/collections/impl/map/fixed,FixedSizeMapFactoryImpl.java,18;20;22
org/eclipse/collections/impl/lazy,LazyIterableAdapter.java,37;38;39;44;45
org/eclipse/collections/impl/lazy,AbstractLazyIterable.java,82;310
org/eclipse/collections/impl/jmh,GroupByListTest.java,34;37;38;127;128
org/eclipse/collections/impl/block/procedure,MultimapPutProcedure.java,31;32;33;34;40;46;47;48
org/eclipse/collections/impl/block/procedure,CollectionAddProcedure.java,27;28;29;33;39;40
org/eclipse/collections/impl/jmh/runner,AbstractJMHTestRunner.java,21
