Package Name,Class Name,Covered Lines
org/eclipse/collections/impl/set/mutable,UnifiedSet.java,69;70;97;98;99;153;205;211;212;219;220;221;222;244;245;246;248;249;253;255;257;264;265;267;270;274;283;287;289;290;294;296;300;302;303;305;307;308;312;314;318;319;323;327;328;329;333;339;340;341;342;344;346;347;349;352;354;356;360;361;363;365;366;368;370;371;373;378;379;381;384;1823;1824;1825;1826;2100;2101;2103;2105;2106;2108;2110;2113;2115;2117;2122;2123;2125;2128;2130;2132;2141;2143;2145;2147;2148;2150;2152;2154;2156;2158;2160;2161;2163;2165;2166;2170;2172;2174;2176;2177;2181;2185;2186;2187;2189;2191;2330;2335;2339;2344
org/eclipse/collections/impl,AbstractRichIterable.java,96;561;562
org/eclipse/collections/impl/jmh/jmh_generated,AggregateByTest_aggregateInPlaceByAccount_serial_eager_ec_jmhTest.java,36;289;290;291;292;293;294;296;297;299;300;303;304;305;306;307;308;310;311;313;314;315;316;317;318;324;325;326;327;328;330;331;332;338;339;340;341;342;344
org/eclipse/collections/impl/jmh/jmh_generated,AggregateByTest_jmhType.java,2
org/eclipse/collections/impl/jmh/jmh_generated,AggregateByTest_jmhType_B2.java,3;6;7;11;12;16;17
org/eclipse/collections/impl/jmh/jmh_generated,AggregateByTest_jmhType_B3.java,2
org/eclipse/collections/impl/jmh/jmh_generated,AggregateByTest_jmhType_B1.java,3
org/eclipse/collections/impl/map/mutable,AbstractMutableMapIterable.java,41
org/eclipse/collections/impl/map/mutable,MutableMapFactoryImpl.java,20;22;28
org/eclipse/collections/impl/map/mutable,UnifiedMap.java,70;71;91;92;122;127;128;129;173;301;302;304;309;310;314;315;322;323;324;325;347;348;349;351;352;353;357;359;365;370;372;373;375;377;378;379;383;385;392;393;394;395;396;397;401;403;404;405;406;407;408;409;410;414;577;578;580;582;583;584;585;587;589;591;593;595;600;601;603;604;605;607;609;610;611;612;614;618;620;621;624;626;627;628;629;630;631;632;634;637;640;641;642;643;644;645;646;647;648;650;653;852;853;854;855;857;859;860;862;863;865;867;870;871;873;876;3305;3310;3314;3319
org/eclipse/collections/impl/map/mutable,AbstractMutableMap.java,66
org/eclipse/collections/impl/collection/mutable,AbstractMutableCollection.java,48
org/eclipse/collections/impl/map,AbstractMapIterable.java,28
org/eclipse/collections/impl/list/mutable,AbstractMutableList.java,71;75
org/eclipse/collections/impl/list/mutable,FastList.java,120;121;125;132;133;137;138;171;197;198;200;202;375;393;394;395;478;479;480;594;596;598;1067;1069;1082;1086;1087;1242
org/eclipse/collections/impl/set,AbstractUnifiedSet.java,42;50;98;99;101;107;108;112;113
org/eclipse/collections/impl/map/immutable,ImmutableMapFactoryImpl.java,19;21
org/eclipse/collections/impl/map/fixed,EmptyMap.java,34
org/eclipse/collections/impl/map/fixed,AbstractMemoryEfficientMutableMap.java,29
org/eclipse/collections/impl/map/fixed,FixedSizeMapFactoryImpl.java,18;20;22
org/eclipse/collections/impl/jmh,AggregateByTest.java,50;54;55;56;57;58;59;60;61;69;70;71;72;78;79;80;414;415;417;419;420;640;641;691;693;694;695;699;719;723;725;735;739;744;746;752;756;758;759;760;769;775;779;784;786;797
org/eclipse/collections/impl/jmh/runner,AbstractJMHTestRunner.java,21
