Package Name,Class Name,Covered Lines
org/eclipse/collections/impl,AbstractRichIterable.java,96
org/eclipse/collections/impl/block/factory,Procedures2.java,35;36;85;157;158
org/eclipse/collections/impl/map/mutable/primitive,MutableObjectIntMapFactoryImpl.java,27;29;34
org/eclipse/collections/impl/map/mutable/primitive,ObjectIntHashMap.java,79;80;100;101;133;134;138;139;140;175;180;181;185;263;269;420;422;429;430;559;560;562;563;565;566;567;572;576;577;578;579;581;583;667;684;685;687;1194;1195;1196;1200;1201;1205;1206;1207;1208;1209;1210;1212;1214;1216;1219;1224;1226;1227;1232;1234;1237;1238;1244;1245;1246;1248;1255;1257;1259;1261;1272;1273;1274;1275;1280;1282;1287;1289;1291;1296;1297;1298;1302;1307;1312;1317;1322;1324;1372;1381;1526;1543;1553;1559;1563;1564;1565;1567;1569;1570;1571;1572
org/eclipse/collections/impl/jmh/jmh_generated,AnagramBagTest_jmhType.java,2
org/eclipse/collections/impl/jmh/jmh_generated,AnagramBagTest_serial_lazy_jdk_jmhTest.java,36;286;287;288;289;290;291;293;294;296;299;300;301;302;303;305;306;307;309;310;311;312;313;314;320;321;322;323;324;326;327;328;334;335;336;337;338;339;341
org/eclipse/collections/impl/jmh/jmh_generated,AnagramBagTest_jmhType_B2.java,3;6;7;11;12;16;17
org/eclipse/collections/impl/jmh/jmh_generated,AnagramBagTest_jmhType_B1.java,3
org/eclipse/collections/impl/jmh/jmh_generated,AnagramBagTest_jmhType_B3.java,2
org/eclipse/collections/impl/bag,AbstractBag.java,81
org/eclipse/collections/impl/bag/mutable,AbstractMutableBag.java,37
org/eclipse/collections/impl/bag/mutable,HashBag.java,40;41;42;57;75;79;84;85;86
org/eclipse/collections/impl/bag/mutable,AbstractMutableBagIterable.java,51
org/eclipse/collections/impl/bag/mutable,AbstractHashBag.java,33;99;144;145;146;175;219;364;366;375;381;383;384;386;387;388
org/eclipse/collections/impl/collection/mutable,AbstractMutableCollection.java,48
org/eclipse/collections/impl/map/immutable/primitive,ImmutableObjectIntMapFactoryImpl.java,27;29
org/eclipse/collections/impl/block/factory/primitive,IntToIntFunctions.java,17;19;28;53
org/eclipse/collections/impl/utility,ArrayIterate.java,410;411;1150;1279;1283;1285;1287;1290
org/eclipse/collections/impl/utility,Iterate.java,3242;3246;3248
org/eclipse/collections/impl/list/mutable,AbstractMutableList.java,71;75
org/eclipse/collections/impl/list/mutable,FastList.java,120;121;125;132;133;137;138;171;197;198;200;202;375;478;479;480;1082;1086;1087
org/eclipse/collections/impl/jmh,AnagramBagTest.java,51;57;58;65;66;71;72;73;127;128;129;130;131;132;133;134;135;181;182;183;184;189;193;197;198;204
org/eclipse/collections/impl/jmh/runner,AbstractJMHTestRunner.java,21
