Package Name,Class Name,Covered Lines
org/eclipse/collections/impl,AbstractRichIterable.java,96;143;149;150;151;388;561;562;567;568
org/eclipse/collections/impl/block/function/primitive,IntegerFunctionImpl.java,21
org/eclipse/collections/impl/block/factory,Functions.java,50;51;52;54;55;56;57;58;59;60;61;62;63;64;65;66;67;68;69;457;833;1138;1139;1140;1141;1146;1147
org/eclipse/collections/impl/block/factory,Procedures2.java,35;36;85;157;158
org/eclipse/collections/impl/block/factory,Procedures.java,136;246;247;248;249;254;255
org/eclipse/collections/impl/lazy/parallel,AbstractParallelIterable.java,72;693;725;726;727;729;732;733;734;736;737;738;739;740;742
org/eclipse/collections/impl/lazy/parallel,AbstractBatch.java,32;115;116;117
org/eclipse/collections/impl/jmh/jmh_generated,SumOfDoubleTest_jmhType_B1.java,3
org/eclipse/collections/impl/jmh/jmh_generated,SumOfDoubleTest_jmhType_B3.java,2
org/eclipse/collections/impl/jmh/jmh_generated,SumOfDoubleTest_jmhType_B2.java,3;6;7;11;12;16;17
org/eclipse/collections/impl/jmh/jmh_generated,SumOfDoubleTest_jmhType.java,2
org/eclipse/collections/impl/jmh/jmh_generated,SumOfDoubleTest_parallel_lazy_directSumOfDouble_ec_jmhTest.java,36;286;287;288;289;290;291;293;294;296;299;300;301;302;303;305;306;307;309;310;311;312;313;314;320;321;322;323;324;326;327;328;334;335;336;337;338;339;341
org/eclipse/collections/impl/list/immutable,ImmutableEmptyList.java,47;51;52
org/eclipse/collections/impl/list/immutable,ImmutableListFactoryImpl.java,23;25;30;248;250
org/eclipse/collections/impl/list/immutable,AbstractImmutableList.java,102
org/eclipse/collections/impl/lazy/parallel/list,ListIterableBatch.java,30;31;32;33;34;39;41;43
org/eclipse/collections/impl/lazy/parallel/list,ListIterableParallelIterable.java,36;37;41;45;49;50;51;52;57;63;128;131;138;144;145;146;147;148;158;164;166;167;168;173
org/eclipse/collections/impl/lazy/parallel/list,AbstractParallelListIterable.java,27
org/eclipse/collections/impl/partition/list,PartitionFastList.java,18;20;21;26;32;38
org/eclipse/collections/impl/partition/list,PartitionImmutableListImpl.java,22;23;24;25;29;30
org/eclipse/collections/impl/list/fixed,FixedSizeListFactoryImpl.java,19;21;23
org/eclipse/collections/impl/list/fixed,EmptyList.java,42
org/eclipse/collections/impl/list/fixed,AbstractMemoryEfficientMutableList.java,29
org/eclipse/collections/impl/collection/mutable,AbstractMutableCollection.java,48
org/eclipse/collections/impl/utility,Iterate.java,189;191;209;2204;2208;2210
org/eclipse/collections/impl/utility,LazyIterate.java,49;61;92
org/eclipse/collections/impl/list/mutable,MutableListFactoryImpl.java,20;22;27
org/eclipse/collections/impl/list/mutable,AbstractMutableList.java,71;75;922
org/eclipse/collections/impl/list/mutable,MultiReaderMutableListFactory.java,20;22
org/eclipse/collections/impl/list/mutable,FastList.java,120;121;125;128;129;142;143;146;147;148;149;159;187;443;445;449;451;473;474;478;479;480;1067;1069;1082;1084;1086;1087;1129;1130;1242
org/eclipse/collections/impl/collection/immutable,AbstractImmutableCollection.java,50
org/eclipse/collections/impl/lazy,LazyIterableAdapter.java,37;38;39
org/eclipse/collections/impl/lazy,CollectIterable.java,41;42;43;44;61;62
org/eclipse/collections/impl/lazy,AbstractLazyIterable.java,82;197
org/eclipse/collections/impl/block/function/checked,CheckedFunction.java,15
org/eclipse/collections/impl/jmh,SumOfDoubleTest.java,36;40;42;43;50;51;56;57;58;105
org/eclipse/collections/impl/block/procedure,SumOfDoubleProcedure.java,30;31;32;37;43;49;50;51;52;53
org/eclipse/collections/impl/jmh/runner,AbstractJMHTestRunner.java,21
