Package Name,Class Name,Covered Lines
org/eclipse/collections/impl/jmh/map,KolobokeMapPutTest.java,32;50;52;53;55;57;62;63;65;66;67;69;71;73
org/eclipse/collections/impl/jmh/map/jmh_generated,KolobokeMapPutTest_jmhType_B2.java,3;6;7;11;12;16;17
org/eclipse/collections/impl/jmh/map/jmh_generated,KolobokeMapPutTest_jmhType.java,2
org/eclipse/collections/impl/jmh/map/jmh_generated,KolobokeMapPutTest_jmhType_B1.java,3
org/eclipse/collections/impl/jmh/map/jmh_generated,KolobokeMapPutTest_koloboke_jmhTest.java,36;283;284;285;286;287;288;290;291;293;296;297;298;299;300;302;303;305;306;307;308;309;310;316;317;318;319;320;322;323;324;330;331;332;333;335;336;337;338;339;340;341;342;343;344;345;347
org/eclipse/collections/impl/jmh/map/jmh_generated,KolobokeMapPutTest_jmhType_B3.java,2
org/eclipse/collections/impl/jmh/runner,AbstractJMHTestRunner.java,21
