Package Name,Class Name,Covered Lines
org/eclipse/collections/impl,AbstractRichIterable.java,96;427
org/eclipse/collections/impl/block/factory,Predicates.java,34;38;39;40;41;506;1383
org/eclipse/collections/impl/list,IntervalUtils.java,26;27;28;32;33;40;44;48;52;56;57
org/eclipse/collections/impl/list,Interval.java,69;70;71;72;73;74;160;168;303;304;386;387;389;391;401;406;407;429;769;775;776;777;799;802;804;809;811;819;821;822;823
org/eclipse/collections/impl/factory,Lists.java,56;57;58;59
org/eclipse/collections/impl/list/immutable,ImmutableArrayList.java,68;69;73;74;78
org/eclipse/collections/impl/list/immutable,ImmutableListFactoryImpl.java,23;25;209;235;248;252;256;258
org/eclipse/collections/impl/list/immutable,AbstractImmutableList.java,102
org/eclipse/collections/impl/jmh/list,ListIterationTest.java,36;41;42;50;51;57;58;59;130;131
org/eclipse/collections/impl/list/fixed,FixedSizeListFactoryImpl.java,19;21;23
org/eclipse/collections/impl/list/fixed,EmptyList.java,42
org/eclipse/collections/impl/list/fixed,AbstractMemoryEfficientMutableList.java,29
org/eclipse/collections/impl/collection/mutable,AbstractMutableCollection.java,48
org/eclipse/collections/impl/utility,Iterate.java,2204;2208;2210;3242;3246;3248
org/eclipse/collections/impl/jmh/list/jmh_generated,ListIterationTest_jmhType_B3.java,2
org/eclipse/collections/impl/jmh/list/jmh_generated,ListIterationTest_jmhType_B2.java,3;6;7;11;12;16;17
org/eclipse/collections/impl/jmh/list/jmh_generated,ListIterationTest_parallel_mutable_scala_jmhTest.java,36;286;287;288;289;290;291;293;294;296;299;300;301;302;303;305;306;307;309;310;311;312;313;314;320;321;322;323;324;326;327;328;334;335;336;337;338;339;341
org/eclipse/collections/impl/jmh/list/jmh_generated,ListIterationTest_jmhType.java,2
org/eclipse/collections/impl/jmh/list/jmh_generated,ListIterationTest_jmhType_B1.java,3
org/eclipse/collections/impl/list/mutable,MutableListFactoryImpl.java,20;22;58
org/eclipse/collections/impl/list/mutable,AbstractMutableList.java,71;75
org/eclipse/collections/impl/list/mutable,MultiReaderMutableListFactory.java,20;22
org/eclipse/collections/impl/list/mutable,FastList.java,120;121;125;142;143;146;147;148;149;176;187
org/eclipse/collections/impl/collection/immutable,AbstractImmutableCollection.java,50
org/eclipse/collections/impl/utility/internal,IterableIterate.java,681
org/eclipse/collections/impl/utility/internal,IteratorIterate.java,823;825;826;828;858
org/eclipse/collections/impl/lazy,AbstractLazyIterable.java,82;114
org/eclipse/collections/impl/jmh/runner,AbstractJMHTestRunner.java,21
