Package Name,Class Name,Covered Lines
org/eclipse/collections/impl,AbstractRichIterable.java,96
org/eclipse/collections/impl/jmh/map,MapGrowthTest.java,33;48;50;51;53;55;60;64;65;67;69;71;73
org/eclipse/collections/impl/map/mutable,AbstractMutableMapIterable.java,41
org/eclipse/collections/impl/map/mutable,UnifiedMap.java,70;71;91;92;122;137;138;142;146;151;152;153;183;280;281;283;285;290;291;293;296;301;302;304;309;310;314;315;322;323;324;325;347;348;349;351;352;353;357;359;361;362;363;365;370;372;373;375;377;378;379;383;385;387;388;389;392;393;394;395;396;397;401;403;404;405;406;407;408;409;410;414;3310;3314;3319
org/eclipse/collections/impl/map/mutable,AbstractMutableMap.java,66
org/eclipse/collections/impl/jmh/map/jmh_generated,MapGrowthTest_jmhType.java,2
org/eclipse/collections/impl/jmh/map/jmh_generated,MapGrowthTest_jmhType_B2.java,3;6;7;11;12;16;17
org/eclipse/collections/impl/jmh/map/jmh_generated,MapGrowthTest_jmhType_B1.java,3
org/eclipse/collections/impl/jmh/map/jmh_generated,MapGrowthTest_mutableEcPut_jmhTest.java,36;283;284;285;286;287;288;290;291;293;296;297;298;299;300;302;303;305;306;307;308;309;310;316;317;318;319;320;322;323;324;330;331;332;333;335;336;337;338;339;341
org/eclipse/collections/impl/jmh/map/jmh_generated,MapGrowthTest_jmhType_B3.java,2
org/eclipse/collections/impl/map,AbstractMapIterable.java,28
org/eclipse/collections/impl/jmh/runner,AbstractJMHTestRunner.java,21
