Package Name,Class Name,Covered Lines
org/eclipse/collections/impl,AbstractRichIterable.java,96;119;120;121;143;149;150;151;388;561;562;599
org/eclipse/collections/impl,Counter.java,26;33;34;35;39;40;44;45;59
org/eclipse/collections/impl,UnmodifiableRichIterable.java,86;87;88;95;99;256;778
org/eclipse/collections/impl/block/comparator/primitive,IntFunctionComparator.java,28;29;30;35;36;37
org/eclipse/collections/impl/block/function/primitive,IntegerFunctionImpl.java,21
org/eclipse/collections/impl/multimap/list,SynchronizedPutFastListMultimap.java,46;47;73;105
org/eclipse/collections/impl/block/factory,Functions.java,50;51;52;54;55;56;57;58;59;60;61;62;63;64;65;66;67;68;69;354;430;457;833;1119;1120;1121;1122;1127;1128;1138;1139;1140;1141;1146;1147
org/eclipse/collections/impl/block/factory,Procedures2.java,35;36;85;157;158
org/eclipse/collections/impl/block/factory,Procedures.java,41
org/eclipse/collections/impl/block/factory,Comparators.java,33;34;35;36;37;38;218;219;220;453
org/eclipse/collections/impl/map/mutable/primitive,MutableObjectIntMapFactoryImpl.java,27;29;34
org/eclipse/collections/impl/map/mutable/primitive,ObjectIntHashMap.java,79;80;100;101;133;134;138;139;140;175;180;181;185;263;269;420;422;429;430;559;560;562;563;565;566;567;572;576;577;578;579;581;583;667;684;685;687;748;750;752;755;1194;1195;1196;1200;1201;1205;1206;1207;1208;1209;1210;1212;1214;1216;1219;1224;1226;1227;1232;1234;1237;1238;1244;1245;1246;1248;1255;1257;1259;1261;1272;1273;1274;1275;1280;1282;1287;1289;1291;1296;1297;1298;1302;1307;1312;1317;1322;1324;1372;1381;1526;1543;1553;1559;1563;1564;1565;1567;1569;1570;1571;1572
org/eclipse/collections/impl/jmh/jmh_generated,AnagramBagTest_jmhType.java,2
org/eclipse/collections/impl/jmh/jmh_generated,AnagramBagTest_parallel_eager_forkjoin_ec_jmhTest.java,36;286;287;288;289;290;291;293;294;296;299;300;301;302;303;305;306;307;309;310;311;312;313;314;320;321;322;323;324;326;327;328;334;335;336;337;338;339;341
org/eclipse/collections/impl/jmh/jmh_generated,AnagramBagTest_jmhType_B2.java,3;6;7;11;12;16;17
org/eclipse/collections/impl/jmh/jmh_generated,AnagramBagTest_jmhType_B1.java,3
org/eclipse/collections/impl/jmh/jmh_generated,AnagramBagTest_jmhType_B3.java,2
org/eclipse/collections/impl/bag,AbstractBag.java,81
org/eclipse/collections/impl/list/immutable,ImmutableEmptyList.java,47;51;52
org/eclipse/collections/impl/list/immutable,ImmutableListFactoryImpl.java,23;25;30;248;250
org/eclipse/collections/impl/list/immutable,AbstractImmutableList.java,102
org/eclipse/collections/impl/bag/mutable,AbstractMutableBag.java,37
org/eclipse/collections/impl/bag/mutable,HashBag.java,40;41;42;57;75;79;84;85;86
org/eclipse/collections/impl/bag/mutable,AbstractMutableBagIterable.java,51
org/eclipse/collections/impl/bag/mutable,AbstractHashBag.java,33;99;144;145;146;175;193;194;196;198;199;201;202;219;337;364;366;375;381;383;384;386;387;388
org/eclipse/collections/impl/parallel,ParallelArrayIterate.java,59;61;62;70;71;74
org/eclipse/collections/impl/parallel,ArrayProcedureFJTask.java,32;33;34;35;36;37;38;45;46;54;56;60
org/eclipse/collections/impl/parallel,ArrayProcedureFJTaskRunner.java,24;33;34;35;36;38;39;46;53;54;55;57;64;65;67;71;73;79;85;87;88;90;91;93;102;103;107;108;109;114;115;124;128;130
org/eclipse/collections/impl/parallel,CollectionsThreadFactory.java,20;22;25;26;27;28;29;30;31;32
org/eclipse/collections/impl/parallel,PassThruCombiner.java,17;30;35
org/eclipse/collections/impl/parallel,Combiners.java,22
org/eclipse/collections/impl/parallel,ParallelIterate.java,72;74;75;1320;1337;1342;1347;1352
org/eclipse/collections/impl/parallel,PassThruProcedureFactory.java,20;21;22;27
org/eclipse/collections/impl/partition/list,PartitionFastList.java,18;20;21;26;32;38
org/eclipse/collections/impl/partition/list,PartitionImmutableListImpl.java,22;23;24;25;29;30
org/eclipse/collections/impl/map/mutable,AbstractMutableMapIterable.java,41;140
org/eclipse/collections/impl/map/mutable,ConcurrentHashMap.java,62;72;73;74;75;91;92;95;96;100;105;106;108;109;111;113;117;118;122;132;173;174;176;177;178;180;183;187;188;189;190;195;196;197;199;200;201;203;206;211;212;213;215;216;217;219;224;225;231;232;233;234;236;238;242;243;244;246;248;250;251;253;255;256;257;259;261;263;264;265;268;270;273;276;278;285;287;289;290;292;294;297;299;300;302;307;308;310;312;313;315;316;319;320;321;322;326;327;329;330;331;333;337;339;340;342;344;347;349;350;354;355;357;359;360;362;363;366;368;369;373;374;377;378;379;380;382;387;389;391;395;400;402;404;407;591;593;595;598;599;603;604;605;606;608;611;612;614;618;625;626;628;630;631;636;637;639;641;644;977;1456;1457;1458;1459;1478;1479;1480;1481;1485;1487;1488;1514;1516;1517;1518;1522;1524;1525;1531;1536;1541;1542;1547;1549;1551;1552;1579;1590;1657;1662;1809;1810;1811;1812;1813;1816;1817;1818;1819;1820;1825;1831;1842;1882;1883;1888;1889;1890;1891;1895;1896;1900;1901;1903;1905;1906;1908;1912;1917;1922;1924;1926;1931;1933;1937;1940;1942;1944;1948;1953;1955;1957;1966;1967;2099;2100;2101;2102;2105;2106;2107;2108;2110;2114;2115;2117;2118;2120;2122;2123;2124;2126;2127;2129;2130;2132;2133;2136
org/eclipse/collections/impl/map/mutable,AbstractMutableMap.java,66
org/eclipse/collections/impl/list/fixed,FixedSizeListFactoryImpl.java,19;21;23
org/eclipse/collections/impl/list/fixed,EmptyList.java,42
org/eclipse/collections/impl/list/fixed,AbstractMemoryEfficientMutableList.java,29
org/eclipse/collections/impl/collection/mutable,AbstractMutableCollection.java,48
org/eclipse/collections/impl/map/immutable/primitive,ImmutableObjectIntMapFactoryImpl.java,27;29
org/eclipse/collections/impl/block/factory/primitive,IntToIntFunctions.java,17;19;28;53
org/eclipse/collections/impl/utility,ArrayIterate.java,410;411;740;745;746;747;1150;1279;1283;1285;1287;1290
org/eclipse/collections/impl/utility,ListIterate.java,816;820;824;828;832
org/eclipse/collections/impl/utility,Iterate.java,130;132;154;189;191;193;197;201;203;209;2204;2208;2210;2224;3208;3210;3242;3246;3248
org/eclipse/collections/impl/utility,LazyIterate.java,49;61;69;92
org/eclipse/collections/impl/map,AbstractMapIterable.java,28
org/eclipse/collections/impl/list/mutable,MutableListFactoryImpl.java,20;22;27;45;51
org/eclipse/collections/impl/list/mutable,AbstractMutableList.java,71;75;916
org/eclipse/collections/impl/list/mutable,MultiReaderMutableListFactory.java,20;22
org/eclipse/collections/impl/list/mutable,FastList.java,120;121;125;128;129;132;133;137;138;159;171;197;198;200;202;226;227;228;268;269;274;375;443;445;449;451;473;474;478;479;480;564;565;1082;1084;1086;1087;1129;1130;1242
org/eclipse/collections/impl/collection/immutable,AbstractImmutableCollection.java,50
org/eclipse/collections/impl/utility/internal,IterableIterate.java,792;793;1115;1116;1117
org/eclipse/collections/impl/utility/internal,IteratorIterate.java,1008;1010;1012
org/eclipse/collections/impl/utility/internal,InternalArrayIterate.java,136;138;140;145;147;150;867;869;871;873;875;876;880;885;886
org/eclipse/collections/impl/multimap,AbstractSynchronizedPutMultimap.java,25;28;29;39;57;58;87;88;90;92;93;124
org/eclipse/collections/impl/multimap,AbstractMutableMultimap.java,41;42;43;87
org/eclipse/collections/impl/multimap,AbstractMultimap.java,32;52;87
org/eclipse/collections/impl/lazy,LazyIterableAdapter.java,37;38;39;87
org/eclipse/collections/impl/lazy,CollectIterable.java,41;42;43;44;49;50;61;62
org/eclipse/collections/impl/lazy,ReverseIterable.java,31;32;33;37;43;44
org/eclipse/collections/impl/lazy,SelectIterable.java,37;38;39;40;57;58
org/eclipse/collections/impl/lazy,AbstractLazyIterable.java,82;153;197
org/eclipse/collections/impl/block/function/checked,CheckedFunction.java,15
org/eclipse/collections/impl/jmh,AnagramBagTest.java,51;57;58;65;66;71;72;73;115;116;117;118;119;120;121;122;181;182;183;184;189;193;197;198;204
org/eclipse/collections/impl/block/procedure,MultimapPutProcedure.java,31;32;33;34;46;47;48
org/eclipse/collections/impl/block/procedure,IfProcedureWith.java,27;28;29;30;35;37;39
org/eclipse/collections/impl/jmh/runner,AbstractJMHTestRunner.java,21
