Package Name,Class Name,Covered Lines
org/eclipse/collections/impl,AbstractRichIterable.java,96
org/eclipse/collections/impl,SpreadFunctions.java,21;22;23;24;25;26;27;32;33;34;35;36;37;38;87;92
org/eclipse/collections/impl/set/primitive,AbstractIntSet.java,24
org/eclipse/collections/impl/map/mutable/primitive,IntIntHashMap.java,85;86;90;91;92;136;345;351;357;358;359;365;367;759;763;767;768;769;770;774;1227;1228;1230;1232;1235;1236;1238;1239;1240;1244;1246;1248;1253;1258;1259;1261;1262;1263;1267;1269;1271;1276;1281;1282;1286;1287;1288;1292;1294;1296;1300;1312;1313;1318;1323;1324;1328;1333;1349
org/eclipse/collections/impl/map/mutable/primitive,AbstractMutableIntValuesMap.java,49
org/eclipse/collections/impl/list/mutable/primitive,IntArrayList.java,64;65;69;72;73;81;82;83;84;123;219;220;224;225;226;231;232;247;249;253;255;260;262;264;265;266;750;759;761;763;833;834;835
org/eclipse/collections/impl/jmh/jmh_generated,IntIntMapLargeStressTest_jmhType_B2.java,3;6;7;11;12;16;17
org/eclipse/collections/impl/jmh/jmh_generated,IntIntMapLargeStressTest_jmhType.java,2
org/eclipse/collections/impl/jmh/jmh_generated,IntIntMapLargeStressTest_jmhType_B1.java,3
org/eclipse/collections/impl/jmh/jmh_generated,IntIntMapLargeStressTest_jdkGet_jmhTest.java,36;283;284;285;286;287;288;290;291;293;296;297;298;299;300;302;303;305;306;307;308;309;310;316;317;318;319;320;322;323;324;330;331;332;333;335;336;337;338;339;341
org/eclipse/collections/impl/jmh/jmh_generated,IntIntMapLargeStressTest_jmhType_B3.java,2
org/eclipse/collections/impl/list/immutable,ImmutableListFactoryImpl.java,23;25
org/eclipse/collections/impl/primitive,AbstractIntIterable.java,29
org/eclipse/collections/impl/set/mutable/primitive,IntHashSet.java,69;70;71;74;75;79;80;81;108;127;157;204;216;218;221;224;228;232;233;234;236;238;488;490;491;492;500;502;504;505;508;543;545;546;548;971;972;973;977;978;982;983;984;985;986;988;990;992;995;999;1000;1005;1006;1008;1010;1013;1014;1016;1017;1018;1020;1022;1024;1026;1031;1036;1037;1039;1040;1041;1045;1047;1049;1054;1059;1060;1064;1065;1066;1070;1072;1074;1078;1084;1085;1090;1091;1096;1109;1114
org/eclipse/collections/impl/list/fixed,FixedSizeListFactoryImpl.java,19;21;23
org/eclipse/collections/impl/list/fixed,EmptyList.java,42
org/eclipse/collections/impl/list/fixed,AbstractMemoryEfficientMutableList.java,29
org/eclipse/collections/impl/collection/mutable,AbstractMutableCollection.java,48
org/eclipse/collections/impl/list/mutable,MutableListFactoryImpl.java,20;22;45;51
org/eclipse/collections/impl/list/mutable,AbstractMutableList.java,71;75
org/eclipse/collections/impl/list/mutable,MultiReaderMutableListFactory.java,20;22
org/eclipse/collections/impl/list/mutable,FastList.java,120;121;125;128;129;132;133;137;138;159;171;360;364;365;369;443;445;449;451;473;474;478;479;480;1082;1084;1086;1087;1129;1130;1242
org/eclipse/collections/impl/jmh,IntIntMapLargeStressTest.java,42;59;64;65;70;75;81;82;83;85;87;89;90;91;92;94;95;97;98;99;100;102;104;105;106;109;110;111;112;116;117;118;123;124;126;127;129;132;137;138;139;140;145;146;147;148;150;151;153;154;156;158;161;166;167;168;173;174;176;177;179;182;187;188;190;193;199;201;203;208;213;357;359;361;365;367;369;373;374;375;376;380;381;382;383;387;388
org/eclipse/collections/impl/jmh/runner,AbstractJMHTestRunner.java,21
