Package Name,Class Name,Covered Lines
org/eclipse/collections/impl/set/mutable,MutableSetFactoryImpl.java,19;21;33
org/eclipse/collections/impl/set/mutable,AbstractMutableSet.java,38
org/eclipse/collections/impl/set/mutable,UnifiedSet.java,69;70;103;104;107;108;112;116;120;121;122;126;127;128;158;163;167;169;194;195;197;199;205;211;212;219;220;221;222;244;245;246;248;249;251;253;255;257;259;264;265;267;270;272;274;283;285;287;289;290;292;294;296;298;300;302;303;305;307;308;310;312;314;316;318;319;321;323;327;328;329;331;333;339;340;341;342;344;346;347;349;352;354;356;360;361;363;365;366;368;370;371;373;378;379;381;384;474;475;479;481;482;484;486;488;491;497;498;502;503;505;507;508;510;512;514;515;517;518;1051;1056;1057;1058;1060;1062;1063;1065;1067;1072;1077;1087;1269;1708;1711;1721;1771;1772;1773;1774;1776;1777;1779;1780;1786;1790;1791;1792;1794;1796;1798;1800;1801;1803;1805;1806;1807;1823;1824;1825;1826;1901;1902;1904;1905;1909;1912;1914;1916;1918;1920;1921;1922;1924;1926;2330;2335;2339;2344;2351;2355;2359;2368;2369;2370;2371;2376;2377;2422;2423;2424;2425;2430;2442;2448;2449;2483;2490;2496;2497;2498;2499;2500;2510;2516;2518;2519;2520;2525
org/eclipse/collections/impl/set/mutable,MultiReaderMutableSetFactory.java,19;21
org/eclipse/collections/impl,AbstractRichIterable.java,96;143;149;150;151;388;561;562;567;568;599;612;615;616;617;622;623
org/eclipse/collections/impl,UnmodifiableRichIterable.java,86;87;88;95;99;256;778
org/eclipse/collections/impl/block/function/primitive,IntegerFunctionImpl.java,21
org/eclipse/collections/impl/block/factory,Functions.java,50;51;52;54;55;56;57;58;59;60;61;62;63;64;65;66;67;68;69;430;457;833;1119;1120;1121;1122;1127;1128;1138;1139;1140;1141;1146;1147
org/eclipse/collections/impl/block/factory,Procedures2.java,35;36;85;157;158
org/eclipse/collections/impl/block/factory,Procedures.java,41;136;246;247;248;249;254;255
org/eclipse/collections/impl/lazy/parallel/set,AbstractParallelUnsortedSetIterable.java,28;99;100;101;102;103;104
org/eclipse/collections/impl/tuple,PairImpl.java,31;32;33;34;39;45
org/eclipse/collections/impl/tuple,Tuples.java,95
org/eclipse/collections/impl/lazy/parallel,AbstractParallelIterable.java,72;76;77;79;80;84;94;95;96;210;212;218;222;223;224;226;227;231;241;242;243;478;479;480;481;483;484;485;491
org/eclipse/collections/impl/lazy/parallel,AbstractBatch.java,32
org/eclipse/collections/impl/jmh/jmh_generated,AnagramSetTest_parallel_lazy_ec_jmhTest.java,36;286;287;288;289;290;291;293;294;296;299;300;301;302;303;305;306;307;309;310;311;312;313;314;320;321;322;323;324;326;327;328;334;335;336;337;338;339;341
org/eclipse/collections/impl/jmh/jmh_generated,AnagramSetTest_jmhType.java,2
org/eclipse/collections/impl/jmh/jmh_generated,AnagramSetTest_jmhType_B1.java,3
org/eclipse/collections/impl/jmh/jmh_generated,AnagramSetTest_jmhType_B3.java,2
org/eclipse/collections/impl/jmh/jmh_generated,AnagramSetTest_jmhType_B2.java,3;6;7;11;12;16;17
org/eclipse/collections/impl/list/immutable,ImmutableEmptyList.java,47;51;52
org/eclipse/collections/impl/list/immutable,ImmutableListFactoryImpl.java,23;25;30;248;250
org/eclipse/collections/impl/list/immutable,AbstractImmutableList.java,102
org/eclipse/collections/impl/lazy/parallel/list,ListIterableBatch.java,30;31;32;33;34;39;41;43;101
org/eclipse/collections/impl/lazy/parallel/list,SelectListBatch.java,29;30;31;32;37;38;56
org/eclipse/collections/impl/lazy/parallel/list,ParallelSelectListIterable.java,29;30;31;32;37;49
org/eclipse/collections/impl/lazy/parallel/list,CollectListBatch.java,30;31;32;33;38;39
org/eclipse/collections/impl/lazy/parallel/list,ListIterableParallelIterable.java,36;37;41;45;49;50;51;52;57;63;69;70;128;131;138;144;145;146;147;148;158;164;166;167;168;173
org/eclipse/collections/impl/lazy/parallel/list,ParallelCollectListIterable.java,32;33;34;35;40;52;58;59
org/eclipse/collections/impl/lazy/parallel/list,AbstractParallelListIterable.java,27;32;44;74
org/eclipse/collections/impl/set/fixed,AbstractMemoryEfficientMutableSet.java,27
org/eclipse/collections/impl/set/fixed,EmptySet.java,34
org/eclipse/collections/impl/set/fixed,FixedSizeSetFactoryImpl.java,22;24;26
org/eclipse/collections/impl/partition/list,PartitionFastList.java,18;20;21;26;32;38
org/eclipse/collections/impl/partition/list,PartitionImmutableListImpl.java,22;23;24;25;29;30
org/eclipse/collections/impl/map/mutable,AbstractMutableMapIterable.java,41;140
org/eclipse/collections/impl/map/mutable,ConcurrentHashMap.java,62;72;73;74;75;91;92;95;96;100;105;106;108;109;111;113;117;118;122;132;173;174;176;177;178;180;183;187;188;189;190;195;196;197;206;211;212;213;215;216;217;219;224;225;231;232;233;234;236;238;242;243;244;246;248;250;251;253;255;256;257;259;261;263;264;265;268;270;273;276;278;285;287;289;290;292;294;297;299;300;302;307;308;310;312;313;315;316;319;320;321;322;326;327;329;330;331;333;337;339;340;342;344;347;349;350;354;355;357;359;360;362;363;366;368;369;373;374;377;378;379;380;387;389;391;395;400;402;404;591;593;595;598;599;603;604;605;606;608;611;612;614;618;625;626;628;630;631;636;637;639;641;644;977;1456;1457;1458;1459;1478;1479;1480;1481;1485;1487;1488;1514;1516;1517;1518;1522;1524;1525;1531;1536;1541;1542;1547;1549;1551;1552;1579;1590;1657;1662;1809;1810;1811;1812;1813;1816;1817;1818;1819;1820;1825;1831;1842;1882;1883;1888;1889;1890;1891;1895;1896;1900;1901;1903;1905;1906;1908;1912;1917;1922;1924;1926;1931;1933;1935;1937;1940;1942;1944;1948;1953;1955;1957;1966;1967;2099;2100;2101;2102;2105;2106;2107;2108;2110;2114;2115;2117;2118;2120;2122;2123;2124;2126;2127;2129;2130;2132;2133;2136
org/eclipse/collections/impl/map/mutable,AbstractMutableMap.java,66
org/eclipse/collections/impl/list/fixed,FixedSizeListFactoryImpl.java,19;21;23
org/eclipse/collections/impl/list/fixed,EmptyList.java,42
org/eclipse/collections/impl/list/fixed,AbstractMemoryEfficientMutableList.java,29
org/eclipse/collections/impl/collection/mutable,AbstractMutableCollection.java,48;199
org/eclipse/collections/impl/utility,Iterate.java,189;191;193;197;201;203;209;2204;2208;2210;3208;3210;3242;3246;3250;3252
org/eclipse/collections/impl/utility,LazyIterate.java,49;61;92
org/eclipse/collections/impl/map,AbstractMapIterable.java,28
org/eclipse/collections/impl/list/mutable,CompositeFastList.java,54;58;59;62;177;178;236;240;241;242;243;271;275;276;277
org/eclipse/collections/impl/list/mutable,MutableListFactoryImpl.java,20;22;27
org/eclipse/collections/impl/list/mutable,MutableIterator.java,28;32;33;34;39;47;48;49
org/eclipse/collections/impl/list/mutable,AbstractMutableList.java,71;75;558;922
org/eclipse/collections/impl/list/mutable,MultiReaderMutableListFactory.java,20;22
org/eclipse/collections/impl/list/mutable,FastList.java,120;121;125;128;129;132;133;137;138;142;143;146;147;148;149;159;171;176;187;197;198;200;202;268;269;274;375;443;445;449;451;473;474;478;479;480;594;596;598;621;623;625;1067;1069;1082;1084;1086;1087;1129;1130;1242
org/eclipse/collections/impl/collection/immutable,AbstractImmutableCollection.java,50
org/eclipse/collections/impl/set,AbstractUnifiedSet.java,42;50;87;88;90;93;98;99;101;107;108;112;113
org/eclipse/collections/impl/utility/internal,IterableIterate.java,792;793
org/eclipse/collections/impl/utility/internal,IteratorIterate.java,1008;1010;1012
org/eclipse/collections/impl/multimap,AbstractSynchronizedPutMultimap.java,25;28;29;39;57;58;87;88;90;92;93;124
org/eclipse/collections/impl/multimap,AbstractMutableMultimap.java,41;42;43;87
org/eclipse/collections/impl/multimap,AbstractMultimap.java,32;52;87
org/eclipse/collections/impl/lazy,LazyIterableAdapter.java,37;38;39;87
org/eclipse/collections/impl/lazy,CollectIterable.java,41;42;43;44;61;62;91
org/eclipse/collections/impl/lazy,AbstractLazyIterable.java,82;197
org/eclipse/collections/impl/multimap/set,SynchronizedPutUnifiedSetMultimap.java,45;46;78;104
org/eclipse/collections/impl/block/function/checked,CheckedFunction.java,15
org/eclipse/collections/impl/jmh,AnagramSetTest.java,52;58;59;66;67;72;73;74;120;121;122;123;124;125;126;127;128;129;201;202;203;204;209;213;217;218;224
org/eclipse/collections/impl/block/procedure,AppendStringProcedure.java,22;25;26;27;28;35;37;41;43;48;49
org/eclipse/collections/impl/block/procedure,CollectionAddProcedure.java,27;28;29;33;39;40
org/eclipse/collections/impl/block/procedure,IfProcedure.java,33;34;35;36;37;41;42;47;49;53;58
org/eclipse/collections/impl/jmh/runner,AbstractJMHTestRunner.java,21
org/eclipse/collections/impl/set/immutable,ImmutableSetFactoryImpl.java,19;21
