Package Name,Class Name,Covered Lines
org/eclipse/collections/impl/set/mutable,UnifiedSet.java,69;70;107;108;112;116;120;121;122;126;127;128;163;167;169;194;195;197;199;211;212;219;220;221;222;244;245;246;248;249;253;255;257;259;264;265;267;270;272;274;283;285;287;289;290;294;296;298;300;302;303;305;307;308;312;314;316;318;319;323;327;328;329;333;1051;1056;1057;1058;1060;1062;1063;1065;1067;1072;1077;1087;1269;1708;1711;1721;1771;1772;1773;1774;1776;1777;1779;1780;1786;1790;1791;1792;1794;1796;1798;1800;1801;1803;1805;1806;1807;1823;1824;1825;1826;1901;1902;1904;1905;1909;1912;1914;1916;1918;1920;1921;1922;1924;1926;2330;2335;2339;2344
org/eclipse/collections/impl,AbstractRichIterable.java,96
org/eclipse/collections/impl/jmh/jmh_generated,AnagramSetTest_jmhType.java,2
org/eclipse/collections/impl/jmh/jmh_generated,AnagramSetTest_jmhType_B1.java,3
org/eclipse/collections/impl/jmh/jmh_generated,AnagramSetTest_jmhType_B3.java,2
org/eclipse/collections/impl/jmh/jmh_generated,AnagramSetTest_serial_lazy_scala_jmhTest.java,36;286;287;288;289;290;291;293;294;296;299;300;301;302;303;305;306;307;309;310;311;312;313;314;320;321;322;323;324;326;327;328;334;335;336;337;338;339;341
org/eclipse/collections/impl/jmh/jmh_generated,AnagramSetTest_jmhType_B2.java,3;6;7;11;12;16;17
org/eclipse/collections/impl/collection/mutable,AbstractMutableCollection.java,48;199
org/eclipse/collections/impl/utility,Iterate.java,3208;3210
org/eclipse/collections/impl/list/mutable,AbstractMutableList.java,71;75
org/eclipse/collections/impl/list/mutable,FastList.java,120;121;125;132;133;137;138;171;197;198;200;202;1067;1069;1082;1086;1087;1242
org/eclipse/collections/impl/set,AbstractUnifiedSet.java,42;50;87;88;90;93;98;99;101;107;108
org/eclipse/collections/impl/jmh,AnagramSetTest.java,52;58;59;66;67;72;73;74;85;86
org/eclipse/collections/impl/jmh/runner,AbstractJMHTestRunner.java,21
