Package Name,Class Name,Covered Lines
org/eclipse/collections/impl,AbstractRichIterable.java,96;143;388
org/eclipse/collections/impl/lazy/primitive,CollectIntIterable.java,41;42;43;44;45;74;75;179;180;181;186;187
org/eclipse/collections/impl/lazy/primitive,AbstractLazyIntIterable.java,52;310;311;312;455;457;462;463;467
org/eclipse/collections/impl/list/immutable/primitive,ImmutableIntListFactoryImpl.java,25;27
org/eclipse/collections/impl/list/mutable/primitive,IntArrayList.java,64;65;69;76;77;78;260;264;265;266
org/eclipse/collections/impl/list/mutable/primitive,MutableIntListFactoryImpl.java,26;28;51
org/eclipse/collections/impl/jmh/jmh_generated,SumOfIntTest_jmhType_B1.java,3
org/eclipse/collections/impl/jmh/jmh_generated,SumOfIntTest_serial_lazy_collectIntSum_ec_jmhTest.java,36;286;287;288;289;290;291;293;294;296;299;300;301;302;303;305;306;307;309;310;311;312;313;314;320;321;322;323;324;326;327;328;334;335;336;337;338;339;341
org/eclipse/collections/impl/jmh/jmh_generated,SumOfIntTest_jmhType_B2.java,3;6;7;11;12;16;17
org/eclipse/collections/impl/jmh/jmh_generated,SumOfIntTest_jmhType.java,2
org/eclipse/collections/impl/jmh/jmh_generated,SumOfIntTest_jmhType_B3.java,2
org/eclipse/collections/impl/list/immutable,ImmutableEmptyList.java,47;51;52
org/eclipse/collections/impl/list/immutable,ImmutableListFactoryImpl.java,23;25;30;248;250
org/eclipse/collections/impl/list/immutable,AbstractImmutableList.java,102
org/eclipse/collections/impl/primitive,AbstractIntIterable.java,29
org/eclipse/collections/impl/partition/list,PartitionFastList.java,18;20;21;26;32;38
org/eclipse/collections/impl/partition/list,PartitionImmutableListImpl.java,22;23;24;25;29;30
org/eclipse/collections/impl/list/fixed,FixedSizeListFactoryImpl.java,19;21;23
org/eclipse/collections/impl/list/fixed,EmptyList.java,42
org/eclipse/collections/impl/list/fixed,AbstractMemoryEfficientMutableList.java,29
org/eclipse/collections/impl/collection/mutable,AbstractMutableCollection.java,48
org/eclipse/collections/impl/utility,Iterate.java,189;191;209;2204;2208;2210
org/eclipse/collections/impl/utility,LazyIterate.java,49;61
org/eclipse/collections/impl/list/mutable,MutableListFactoryImpl.java,20;22
org/eclipse/collections/impl/list/mutable,AbstractMutableList.java,71;75
org/eclipse/collections/impl/list/mutable,MultiReaderMutableListFactory.java,20;22
org/eclipse/collections/impl/list/mutable,FastList.java,120;121;125;128;129;142;143;146;147;148;149;159;187;393;394;395;621;623;625;842;1067;1069;1242
org/eclipse/collections/impl/collection/immutable,AbstractImmutableCollection.java,50
org/eclipse/collections/impl/utility/internal,InternalArrayIterate.java,1318;1320;1322
org/eclipse/collections/impl/lazy,LazyIterableAdapter.java,37;38;39;56;57
org/eclipse/collections/impl/lazy,AbstractLazyIterable.java,82;233
org/eclipse/collections/impl/jmh,SumOfIntTest.java,38;42;44;45;46;53;54;55;56;61;62;63;128
org/eclipse/collections/impl/jmh/runner,AbstractJMHTestRunner.java,21
