Package Name,Class Name,Covered Lines
org/eclipse/collections/impl/set/mutable,UnifiedSet.java,69;70;107;108;112;116;120;121;122;126;127;128;194;195;197;199;211;212;219;220;221;222;244;245;246;248;249;253;1051;1056;1057;1058;1060;1062;1063;1065;1067;1072;1077;1087;1269;2335;2339
org/eclipse/collections/impl,AbstractRichIterable.java,96
org/eclipse/collections/impl/list,IntervalUtils.java,26;27;28;32;33;40;44;48;52;56;57;88;90;92;93;95
org/eclipse/collections/impl/list,Interval.java,69;70;71;72;73;74;160;168;303;304;769;799;802;804;809;811;819;821;822;823;892;893;898;902;906
org/eclipse/collections/impl/jmh/jmh_generated,GroupBySetTest_groupBy_2_keys_serial_eager_scala_jmhTest.java,36;286;287;288;289;290;291;293;294;296;299;300;301;302;303;305;306;307;309;310;311;312;313;314;320;321;322;323;324;326;327;328;334;335;336;337;338;339;341
org/eclipse/collections/impl/jmh/jmh_generated,GroupBySetTest_jmhType.java,2
org/eclipse/collections/impl/jmh/jmh_generated,GroupBySetTest_jmhType_B1.java,3
org/eclipse/collections/impl/jmh/jmh_generated,GroupBySetTest_jmhType_B2.java,3;6;7;11;12;16;17
org/eclipse/collections/impl/jmh/jmh_generated,GroupBySetTest_jmhType_B3.java,2
org/eclipse/collections/impl/collection/mutable,AbstractMutableCollection.java,48;199
org/eclipse/collections/impl/utility,Iterate.java,3208;3210
org/eclipse/collections/impl/set,AbstractUnifiedSet.java,42;50;87;88;90;93;98;99;101;107;108
org/eclipse/collections/impl/lazy,AbstractLazyIterable.java,82
org/eclipse/collections/impl/jmh,GroupBySetTest.java,51;55;56;64;65;71;72;73;545;546
org/eclipse/collections/impl/jmh/runner,AbstractJMHTestRunner.java,21
