Package Name,Class Name,Covered Lines
org/eclipse/collections/impl/set/mutable,MutableSetFactoryImpl.java,19;21;26;46
org/eclipse/collections/impl/set/mutable,SetAdapter.java,61;62;66;67;72;95;99
org/eclipse/collections/impl/set/mutable,AbstractMutableSet.java,38
org/eclipse/collections/impl/set/mutable,UnifiedSet.java,69;70;97;98;99;107;108;112;116;120;121;122;126;127;128;153;163;167;169;194;195;197;199;205;211;212;219;220;221;222;244;245;246;248;249;251;253;255;257;264;265;267;270;274;283;287;289;290;292;294;296;300;302;303;305;307;308;310;312;314;318;319;321;323;327;328;329;331;333;339;340;341;342;344;346;347;349;352;354;356;360;361;363;365;366;368;370;371;373;378;379;381;384;443;444;445;446;447;449;450;452;454;458;462;497;498;502;503;505;507;508;510;512;514;515;517;518;1051;1056;1057;1058;1060;1062;1063;1065;1067;1072;1077;1079;1080;1081;1083;1085;1087;1269;1823;1824;1825;1826;2330;2335;2339;2344
org/eclipse/collections/impl/set/mutable,MultiReaderMutableSetFactory.java,19;21
org/eclipse/collections/impl,AbstractRichIterable.java,96;119;120;121;143;149;150;151;185;186;187;193;194;195;388;561;562;567;568
org/eclipse/collections/impl,Counter.java,26;33;34;35;39;40;44;45;59
org/eclipse/collections/impl/block/function/primitive,IntegerFunctionImpl.java,21
org/eclipse/collections/impl/block/factory,Functions.java,50;51;52;54;55;56;57;58;59;60;61;62;63;64;65;66;67;68;69;430;457;833;1119;1120;1121;1122;1127;1128;1138;1139;1140;1141;1146;1147
org/eclipse/collections/impl/block/factory,Procedures2.java,35;36;85;157;158
org/eclipse/collections/impl/block/factory,Procedures.java,136;246;247;248;249;254;255
org/eclipse/collections/impl/list,IntervalUtils.java,26;27;28;32;33;40;44;48;52;56;57
org/eclipse/collections/impl/list,Interval.java,69;70;71;72;73;74;140;148;152;303;304;386;387;389;391;401;406;407;429;769;775;776;777
org/eclipse/collections/impl/map/mutable/primitive,MutableObjectIntMapFactoryImpl.java,27;29;34
org/eclipse/collections/impl/map/mutable/primitive,ObjectIntHashMap.java,79;80;100;101;133;134;138;139;140;175;180;181;185;263;269;420;422;429;430;559;560;565;566;567;572;576;577;578;579;581;583;748;750;752;755;1194;1195;1196;1200;1201;1205;1206;1207;1208;1209;1210;1212;1214;1216;1219;1224;1226;1227;1232;1234;1237;1238;1244;1245;1246;1248;1255;1259;1261;1272;1273;1274;1275;1280;1282;1287;1291;1296;1297;1298;1302;1307;1312;1317;1322;1324
org/eclipse/collections/impl/lazy/parallel,AbstractParallelIterable.java,72;76;77;79;80;84;94;95;96;503;504;505;506;526;527;528
org/eclipse/collections/impl/lazy/parallel,AbstractBatch.java,32
org/eclipse/collections/impl/collection,AbstractSynchronizedRichIterable.java,89;90;95;96;97;101;106;171;173
org/eclipse/collections/impl/jmh/jmh_generated,FunctionalInterfaceTest_jmhType.java,2
org/eclipse/collections/impl/jmh/jmh_generated,FunctionalInterfaceTest_jmhType_B2.java,3;6;7;11;12;16;17
org/eclipse/collections/impl/jmh/jmh_generated,FunctionalInterfaceTest_jmhType_B3.java,2
org/eclipse/collections/impl/jmh/jmh_generated,FunctionalInterfaceTest_parallel_lazy_scala_jmhTest.java,36;286;287;288;289;290;291;293;294;296;299;300;301;302;303;305;306;307;309;310;311;312;313;314;320;321;322;323;324;326;327;328;334;335;336;337;339;340;341;342;343;344;346
org/eclipse/collections/impl/jmh/jmh_generated,FunctionalInterfaceTest_jmhType_B1.java,3
org/eclipse/collections/impl/bag,AbstractBag.java,81
org/eclipse/collections/impl/list/immutable,ImmutableEmptyList.java,47;51;52
org/eclipse/collections/impl/list/immutable,ImmutableListFactoryImpl.java,23;25;30;248;250
org/eclipse/collections/impl/list/immutable,AbstractImmutableList.java,102
org/eclipse/collections/impl/bag/mutable,SynchronizedBag.java,73;74;101
org/eclipse/collections/impl/bag/mutable,AbstractMutableBag.java,37;56
org/eclipse/collections/impl/bag/mutable,MultiReaderMutableBagFactory.java,19;21
org/eclipse/collections/impl/bag/mutable,HashBag.java,40;41;42;57
org/eclipse/collections/impl/bag/mutable,AbstractMutableBagIterable.java,51;60;66;70;71;72
org/eclipse/collections/impl/bag/mutable,AbstractHashBag.java,33;144;145;146;175;193;194;196;198;199;201;202;337
org/eclipse/collections/impl/bag/mutable,MutableBagFactoryImpl.java,19;21;26
org/eclipse/collections/impl/parallel,ParallelArrayIterate.java,59;61;62;70;71;74
org/eclipse/collections/impl/parallel,AbstractProcedureCombiner.java,21;22;23;28
org/eclipse/collections/impl/parallel,FastListSelectProcedureFactory.java,23;24;25;26;31
org/eclipse/collections/impl/parallel,FastListCollectProcedureCombiner.java,32;33;38;39
org/eclipse/collections/impl/parallel,ArrayProcedureFJTask.java,32;33;34;35;36;37;38;45;46;54;56;60
org/eclipse/collections/impl/parallel,ArrayProcedureFJTaskRunner.java,24;33;34;35;36;38;39;46;53;54;55;57;64;65;67;71;73;79;85;87;88;90;91;93;102;103;107;108;109;114;115;124;128;130
org/eclipse/collections/impl/parallel,CollectionsThreadFactory.java,20;22;25;26;27;28;29;30;31;32;37;38;39;43
org/eclipse/collections/impl/parallel,BatchIterableProcedureFJTaskRunner.java,24;33;34;35;36;38;39;46;50;51;53;55;56;58;67;69;75;79;80;81;86;87;93;95;96;98;99;101;110;111;115;119;121
org/eclipse/collections/impl/parallel,FastListCollectProcedureFactory.java,23;24;25;26;31
org/eclipse/collections/impl/parallel,ParallelIterate.java,72;74;75;413;415;417;425;438;439;447;488;489;504;505;507;509;556;582;583;584;589;591;596;598;600;605;610;762;779;780;781;782;783;790;1320;1337;1342;1347;1352
org/eclipse/collections/impl/parallel,AbstractPredicateBasedCombiner.java,41;42;43;50;52;85
org/eclipse/collections/impl/parallel,BatchIterableProcedureFJTask.java,33;34;35;36;37;38;39;46;47;55;57;61
org/eclipse/collections/impl/parallel,AbstractTransformerBasedCombiner.java,37;38;39;43;45;78
org/eclipse/collections/impl/parallel,FastListSelectProcedureCombiner.java,32;33;38;39
org/eclipse/collections/impl/lazy/parallel/list,ListIterableBatch.java,30;31;32;33;34;39;41;43
org/eclipse/collections/impl/lazy/parallel/list,ParallelSelectListIterable.java,29;30;31;32;55;56
org/eclipse/collections/impl/lazy/parallel/list,ListIterableParallelIterable.java,36;37;41;45;49;50;51;52;57;63;69;70;128;131;138;144;145;146;147;148;158;164;166;167;168;173
org/eclipse/collections/impl/lazy/parallel/list,ParallelCollectListIterable.java,32;33;34;35;58;59
org/eclipse/collections/impl/lazy/parallel/list,AbstractParallelListIterable.java,27;44;74
org/eclipse/collections/impl/set/fixed,AbstractMemoryEfficientMutableSet.java,27
org/eclipse/collections/impl/set/fixed,EmptySet.java,34
org/eclipse/collections/impl/set/fixed,FixedSizeSetFactoryImpl.java,22;24;26
org/eclipse/collections/impl/partition/list,PartitionFastList.java,18;20;21;26;32;38
org/eclipse/collections/impl/partition/list,PartitionImmutableListImpl.java,22;23;24;25;29;30
org/eclipse/collections/impl/map/mutable,AbstractMutableMapIterable.java,41
org/eclipse/collections/impl/map/mutable,ConcurrentHashMapUnsafe.java,63;74;75;76;91;92;93;94;95;99;101;102;103;104;108;110;111;116;117;131;132;135;136;140;145;146;148;149;151;153;157;158;162;172;177;182;183;187;228;229;231;232;233;235;238;242;243;244;252;253;254;256;257;258;260;263;268;269;270;272;273;274;276;281;282;288;289;290;291;293;295;299;300;301;303;305;307;308;310;312;313;314;316;318;320;322;323;331;334;336;343;345;347;348;350;352;355;357;358;360;365;366;368;370;371;373;374;377;378;379;380;384;385;387;388;389;391;395;397;398;400;402;405;407;408;412;413;415;417;418;420;421;424;426;427;431;432;435;436;437;438;445;447;449;453;458;460;462;706;708;710;713;714;718;719;720;721;723;724;727;728;730;734;741;742;744;747;752;753;755;757;760;766;906;907;908;909;910;911;913;914;915;917;919;921;930;931;932;933;935;939;940;942;943;954;955;956;957;959;960;963;1087;1740;1751;1925;1926;1927;1928;1929;1932;1933;1934;1935;1936;1941;1947;1958;1998;1999;2004;2005;2006;2007;2011;2012;2016;2017;2019;2021;2022;2024;2028;2033;2038;2040;2042;2047;2049;2051;2053;2056;2058;2060;2064;2069;2071;2073;2082;2083;2287;2291;2292;2295;2296;2297
org/eclipse/collections/impl/map/mutable,AbstractMutableMap.java,66
org/eclipse/collections/impl/list/fixed,FixedSizeListFactoryImpl.java,19;21;23
org/eclipse/collections/impl/list/fixed,EmptyList.java,42
org/eclipse/collections/impl/list/fixed,AbstractMemoryEfficientMutableList.java,29
org/eclipse/collections/impl/collection/mutable,AbstractMutableCollection.java,48;199
org/eclipse/collections/impl/collection/mutable,AbstractSynchronizedMutableCollection.java,56;57;61;62;67;316;318
org/eclipse/collections/impl/collection/mutable,AbstractCollectionAdapter.java,87;492
org/eclipse/collections/impl/map/immutable/primitive,ImmutableObjectIntMapFactoryImpl.java,27;29
org/eclipse/collections/impl/block/factory/primitive,IntToIntFunctions.java,17;19;28;53
org/eclipse/collections/impl/utility,ArrayIterate.java,740;745;746;747;1150
org/eclipse/collections/impl/utility,ListIterate.java,816;820;824;828;832
org/eclipse/collections/impl/utility,Iterate.java,189;191;209;2204;2208;2210;2224;3208;3210;3242;3246;3248
org/eclipse/collections/impl/utility,LazyIterate.java,49;61;69;92
org/eclipse/collections/impl/map,AbstractMapIterable.java,28
org/eclipse/collections/impl/list/mutable,MutableListFactoryImpl.java,20;22;27
org/eclipse/collections/impl/list/mutable,MutableIterator.java,28;32;33;34;39;47;48;49
org/eclipse/collections/impl/list/mutable,AbstractMutableList.java,71;75;447;558;922
org/eclipse/collections/impl/list/mutable,MultiReaderMutableListFactory.java,20;22
org/eclipse/collections/impl/list/mutable,FastList.java,120;121;125;128;129;132;133;137;138;152;153;154;155;159;171;240;241;246;443;445;449;451;463;464;469;473;474;478;479;480;621;623;625;630;636;751;893;1067;1069;1082;1084;1086;1087;1129;1130;1242
org/eclipse/collections/impl/collection/immutable,AbstractImmutableCollection.java,50
org/eclipse/collections/impl/set,AbstractUnifiedSet.java,42;50;87;88;90;93;98;99;101;107;108;112;113;127
org/eclipse/collections/impl/utility/internal,InternalArrayIterate.java,136;138;140;150;172;173;174;175;177;206;268;270;272;393;395;396;398;401;473;474;476;478;501;503;509
org/eclipse/collections/impl/lazy,LazyIterableAdapter.java,37;38;39;75
org/eclipse/collections/impl/lazy,CollectIterable.java,41;42;43;44;61;62
org/eclipse/collections/impl/lazy,SelectIterable.java,37;38;39;40;57;58
org/eclipse/collections/impl/lazy,AbstractLazyIterable.java,82;153;197
org/eclipse/collections/impl/block/function/checked,CheckedFunction.java,15
org/eclipse/collections/impl/jmh,FunctionalInterfaceTest.java,55;63;64;72;73;79;81;82;83;84;86;88;89;92;93;94;97;99;100;103;104;105;108;110;111;112;113;115;117;118;121;122;123;126;128;129;132;133;134;139;140;141;142;143;144;145;147;148;149;150;151;152;153;158;159;160;161;162;163;164;166;167;168;169;170;171;172;177;178;179;180;181;182;183;185;186;187;188;189;190;191;196;197;198;199;200;201;202;204;205;206;207;208;209;210;214;215;216;217;218;219;220;222;223;224;225;226;227;228;231;234;235;236;237;238;240;241;242;243;244;247;250;251;252;253;254;256;257;258;259;260;263;264;270;271;272;518;519
org/eclipse/collections/impl/bag/immutable,ImmutableBagFactoryImpl.java,18;20
org/eclipse/collections/impl/block/procedure,IfProcedureWith.java,27;28;29;30;35;37;39
org/eclipse/collections/impl/block/procedure,CollectionAddProcedure.java,27;28;29;33;39;40
org/eclipse/collections/impl/block/procedure,IfProcedure.java,33;34;35;36;37;41;42;47;49;53;58
org/eclipse/collections/impl/block/procedure,FastListSelectProcedure.java,30;31;32;33;38;40;42;46
org/eclipse/collections/impl/block/procedure,FastListCollectProcedure.java,28;29;30;31;36;37;38;42
org/eclipse/collections/impl/jmh/runner,AbstractJMHTestRunner.java,21
org/eclipse/collections/impl/set/immutable,ImmutableSetFactoryImpl.java,19;21
