Package Name,Class Name,Covered Lines
org/eclipse/collections/impl,AbstractRichIterable.java,96;427;561;562
org/eclipse/collections/impl/block/factory,Predicates.java,34;38;39;40;41;506;1383
org/eclipse/collections/impl/list,IntervalUtils.java,26;27;28;32;33;40;44;48;52;56;57
org/eclipse/collections/impl/list,Interval.java,69;70;71;72;73;74;140;148;152;303;304;429;440;442;444;454;459;460;769;799;802;804;809;811;819;821;822;823;945;946;947
org/eclipse/collections/impl/map/mutable/primitive,MutableObjectIntMapFactoryImpl.java,27;29;34;106
org/eclipse/collections/impl/map/mutable/primitive,ObjectIntHashMap.java,79;80;100;101;133;134;138;139;140;175;180;181;185;263;269;420;422;429;430;559;560;562;563;565;566;567;572;576;577;578;579;581;583;748;750;752;755;1194;1195;1196;1200;1201;1205;1206;1207;1208;1209;1210;1212;1214;1216;1219;1224;1226;1227;1232;1234;1272;1273;1274;1275;1280;1287;1289;1296;1297;1298;1302;1307;1312;1317;1322;1324
org/eclipse/collections/impl/jmh/jmh_generated,BagAddAllTest_jmhType.java,2
org/eclipse/collections/impl/jmh/jmh_generated,BagAddAllTest_jmhType_B2.java,3;6;7;11;12;16;17
org/eclipse/collections/impl/jmh/jmh_generated,BagAddAllTest_jmhType_B1.java,3
org/eclipse/collections/impl/jmh/jmh_generated,BagAddAllTest_jmhType_B3.java,2
org/eclipse/collections/impl/jmh/jmh_generated,BagAddAllTest_ec_jmhTest.java,36;283;284;285;286;287;288;290;291;293;296;297;298;299;300;302;303;305;306;307;308;309;310;316;317;318;319;320;322;323;324;330;331;332;333;334;336
org/eclipse/collections/impl/bag,AbstractBag.java,81
org/eclipse/collections/impl/bag/mutable,AbstractMutableBag.java,37
org/eclipse/collections/impl/bag/mutable,MultiReaderMutableBagFactory.java,19;21
org/eclipse/collections/impl/bag/mutable,HashBag.java,40;41;42;45;46;47;57;62
org/eclipse/collections/impl/bag/mutable,AbstractMutableBagIterable.java,51;60;66;68;77;78
org/eclipse/collections/impl/bag/mutable,AbstractHashBag.java,33;41;45;47;48;49;105;106;144;145;146;175
org/eclipse/collections/impl/bag/mutable,MutableBagFactoryImpl.java,19;21;51;56
org/eclipse/collections/impl/map/immutable/primitive,ImmutableObjectIntMapFactoryImpl.java,27;29
org/eclipse/collections/impl/block/factory/primitive,IntToIntFunctions.java,17;19;28;38;53;74;75;76;81
org/eclipse/collections/impl/utility/internal,IterableIterate.java,681
org/eclipse/collections/impl/utility/internal,IteratorIterate.java,823;825;826;828;858
org/eclipse/collections/impl/lazy,AbstractLazyIterable.java,82;114
org/eclipse/collections/impl/jmh,BagAddAllTest.java,31;34;35;50;51;53;55
org/eclipse/collections/impl/bag/immutable,ImmutableBagFactoryImpl.java,18;20
org/eclipse/collections/impl/block/procedure,CollectionAddProcedure.java,27;28;29;33;39;40
org/eclipse/collections/impl/jmh/runner,AbstractJMHTestRunner.java,21
